id,batch,folio,date,year,correspondent,n_alpha_rows,has_syllabary,has_geminate,has_nulls,n_nulls,has_fw,n_fw,has_nomenclator,n_nomenclator,has_latin_fw,notes
1,1,1r,1450,1450,Nicodemo Tranchedino de Pontremulo,3,True,True,True,8,True,,True,45,False,"Master cipher. 3 full alphabets + syllabary + extensive nomenclator with cities, military, diplomatic terms"
2,1,1r_at,1450,1450,Antonio de Tricio,4,True,False,True,10,True,,True,40,False,4 alphabet rows = high homophone depth. Full syllabary. City nomenclator
3,1,2r,1450,1450,"PetroMaria Rubeo, Comte Placeti",2,False,True,True,8,False,,True,50,False,"Local Parma/Cremona focus. Nulls include Latin words: dd, L, n, N, o, φ, sed, jam"
4,1,2v,1450,1450,JohefrancIsco de Plano Meleti,1,False,True,True,11,False,,True,30,False,Simple substitution only. Nihil importat: B3...xp markers
5,1,3r,1450,1450,Francisco Isulano de Tricio,4,False,True,True,15,False,,True,55,False,"4 rows = highest homophone level. Very extensive local nomenclator (Milano, Leccho, Como, Brescia)"
6,1,3v,1450-10-25,1450,Tristano Sforza,1,False,True,True,14,True,,True,20,False,"Simple substitution + FW encoding. Italian FWs: che, non, si, per, come"
7,1,4r,1450-11-25,1450,Marchione Mantue,3,True,False,True,10,True,,True,12,False,"Full syllabary. Italian FWs: Come, Huy, Vuy, Quando"
8,1,4v,1451-07,1451,Detesalvio Heronis (Florentine orator),3,False,True,True,11,True,,True,25,False,"FWs: Che, Perche, Quando, Quale, Quanto, Presto, Aduto, Soccorso"
9,1,5r,1451-12-20,1451,Cardinali Andegavensi,3,True,False,True,13,True,,True,20,False,Full syllabary. Mixed Latin/Italian FWs
10,1,5v,1453-02-06,1453,Johanne Bono de Mortaria,2,False,True,True,14,True,,True,25,False,Nihil importat: + ⊗ markers. In cyphre vel in Latino nil importat
11,1,6r,1453-05-08,1453,Francisco Philelfo,3,False,False,True,12,False,,False,0,False,"MINIMAL cipher for scholar. No nomenclator, no FW encoding. Alphabet + nulls only"
12,1,6v,1453-07-21,1453,Francisco Vicecomite,3,False,True,True,12,True,,True,15,False,"Visconti cipher. FWs: Qua, que, qui, quo, che, come, nuy, Duy"
13,1,7r,1453-09-28,1453,Antonio de Pistorio,2,False,True,True,15,True,,True,30,False,"Nihil importat: ÷ ⊗ markers. Nulls include: nil, adunq. Extensive nomenclator"
14,1,7v,1453,1453,Epo Parmensi (Bishop of Parma),3,True,False,True,10,True,,True,30,False,"Full syllabary. FWs: Que, qui, quo, qua, come, qn, la S.v., Nuy, vuy"
15,1,8r,1454-01,1454,Serenissimo Rege Renato,2,False,True,True,18,True,,True,25,False,"King René cipher. Nulls include words: perch, qn"
16,1,8v,1454-10-20,1454,Simone de Turricella,2,False,True,True,20,False,,True,25,False,"CRITICAL: Nulls include Latin FWs as nulls: pro, ad, et, sed, caualli, fanti, presto"
17,1,9r,1454-11-20,1454,Johanne Cossa,2,False,True,True,11,True,,True,30,False,"Italian FWs: Qua, of, che, non, nuy, vuy, per, come, quando"
18,1,9v,1455-03-08,1455,Bartholomeo Ryuerio,3,False,False,True,11,False,,True,12,False,Small cipher. Minimal nomenclator
19,1,10r,1455-08-25,1455,Lodouico Petronio Senensi,2,False,False,False,0,True,,True,25,False,Nihil importat: O / ... O markers. FWs + concept codes
20,1,10v,1455-11-06,1455,Orpheo de Rycauo,3,False,False,True,12,False,,True,10,False,"Nulls include words: cavalli, donari, fanni, gentedarme"
21,1,11r,1456-05-21,1456,Nicolao Maholeone Ferrariensi,4,False,True,True,9,False,,True,20,False,4 rows. Ferrara ambassador
22,1,11v,1456-06-13,1456,Johanne de Serra Genuensi,2,False,False,True,6,True,,True,15,False,"Small cipher. Italian FWs: Perche, che, Il perche"
23,1,12r,1456-10-12,1456,Bracio Balione Perusino,3,True,False,True,11,True,,True,30,False,"Full syllabary. FWs: Qua, que, qui, quo, per, che, non, come"
24,1,12v,1456-10-12,1456,Philippo Bonacursy Perusino,2,False,False,True,9,True,,True,20,False,Paired with Bracio Balione cipher above
25,1,13r,1457-01-28,1457,Constantino de La Porta,3,True,False,True,13,True,,True,30,False,Full syllabary. Many cardinals in nomenclator
26,1,13v,1457-04-20,1457,Prospero Camulio (prima),4,False,True,True,13,True,,True,55,False,VERY extensive nomenclator. 4 alphabet rows. Major diplomatic cipher
27,1,14r,1457,1457,Frederico Urbini Duce,3,True,False,True,15,True,,True,40,False,"Duke of Urbino. Full syllabary. Nulls include FW-words: che, per, non"
28,1,14v,1457-06-13,1457,Baptista de Brendis,2,False,True,True,14,True,,True,30,False,"Italian FWs with Pertanto, Quando, Siche"
29,1,15r,1457,1457,Laurentio Terentio Pisaurensi,2,False,True,True,6,True,,True,15,False,Small cipher for Pesaro correspondent
30,1,15v,1457-10-28,1457,Corradino Georgio,3,True,False,True,14,True,,True,30,True,"Latin FWs: Et, bus, cum, rum. Also syllabary on facing page"
31,1,16r,1457,1457,Johanne Caymo,3,True,False,True,12,True,,True,30,False,Full syllabary + FWs + nomenclator. Standard full-featured cipher
32,1,16v,1458-07-06,1458,Ferdinando Duce Calabrie,3,True,False,True,10,True,,True,50,False,Major royal cipher. Full syllabary. 50+ nomenclator entries
33,1,17r,1458-07-19,1458,Lancelotho Bossio,3,False,False,True,10,True,,True,50,False,Extensive nomenclator. Multiple honorific codes
34,1,17v,1458-08-25,1458,Johe Ambrosio de Guezate,2,False,True,True,11,False,,True,30,False,"Nulls include: per, non (FWs used as nulls)"
35,1,18r,1458,1458,D. Augustino Rubeo,3,True,False,True,8,True,,True,35,False,Full syllabary (Ab-Vb). 3-column nomenclator
36,1,18v,1458,1458,Baptista Brendi (from Rome),2,True,False,False,0,False,,True,30,False,"Full syllabary. Financial nomenclator (Termine, Uno anno...Dece anni, Ducati, Mille...)"
37,1,19r,1458-11-19,1458,Blasio de Gradi,2,False,False,True,20,False,,True,25,False,"Military nomenclator focus: Orij, Carretti, Bayli, Naue, Galee, Armata, Schiopetteri"
38,1,19v,1458-12-04,1458,Episcopo Reatino,3,False,False,True,10,True,,True,30,False,"FWs: Qua, que, of, che, nuy, vuy, per, non, come"
39,1,20r,1458-12-12,1458,Bracio de Baleomb. Perusino,2,False,True,True,13,True,,True,25,False,"Italian FWs: Qua, que, of, che, come, Huy, vuy, quello"
40,1,20v,1458,1458,Francisco Maletta,2,False,True,True,8,True,,True,40,False,"Nulls: qq, rrr, fff, dd, g, notp, sic. FWs: Qua, que, non, pch, come, siche"
41,1,21r,1459-01-10,1459,Antonio Carapho,3,False,True,True,9,False,,True,40,False,Royal orator cipher. Extensive nomenclator
42,1,21v,1459-01-18,1459,Johe Galeaz de Campofregoso,2,False,True,True,14,True,,True,40,False,"Italian vernacular FWs + nomenclator. Nulls include: Voy, per"
43,1,22r,1459-01-21,1459,Andrea de Granocio,3,True,False,True,14,True,,True,50,False,FULL cipher: 3 alphabets + syllabary + FWs + 50 nomenclator. 3-column layout
44,1,22v,1459,1459,Jo. Blanchu / Lancelloti Macedonia (Rege Ferdinando),2,False,True,False,0,False,,True,5,False,"Special: 'Dux Mediolani—meus'. Duplicate section uses syllable codes: et, an, ab, ne, ut, si"
45,1,23r,1459-07,1459,Johanne Rege Aragonum,4,False,True,True,10,True,,True,65,False,MOST EXTENSIVE nomenclator seen. 4 alpha rows. 3-column nomenclator. Geographic+diplomatic+military
46,1,23v,1459-10-13,1459,Lodouico de Empuig Magro Montesfe,3,False,False,True,15,True,,True,40,False,"Nulls include: fic, fi, et. Geographic nomenclator"
47,1,24r,1459-11-21,1459,Nicolao Carissimo Canrio,2,False,True,True,16,False,,True,35,False,Diplomatic nomenclator with many geopolitical codes
48,1,24v,1459,1459,Episcopo Comensi,2,False,False,True,10,True,,True,30,False,"Italian FWs: Quando, qto, Qua, que, qui, che, Nuy, Vuy, come"
49,1,25r,1460-06,1460,Simone de Spoleto,2,False,False,True,8,True,,True,15,False,Small cipher. Italian FWs
50,1,25v,1460-06-08,1460,Nicolao Pendalia,2,False,False,True,9,True,,True,15,False,Small cipher. Italian FWs
51,1,26r,1460-06-13,1460,Emanuele de Iacoppo,3,False,False,False,0,True,,True,30,False,"FWs: Qua, que, qui, quo, of, che, non, per, nuy, vuy, come"
52,1,26v,1460-07-30,1460,Serenissimo Rege Ferdinando,2,True,True,True,4,True,,True,25,False,Royal Neapolitan cipher. Full syllabary. FWs present
53,1,27r,1460-09-26,1460,R.D. Ja. Lucen Epo Papien (now Cardinal),3,False,False,True,12,True,,True,30,False,"Cardinal cipher. FWs: Qua, que, come, che, no, per"
54,1,27v,1460-08-22,1460,Antonio de Tricio (to Naples),2,True,True,True,8,True,,True,30,False,"Full syllabary. FWs: Qua, que, qui, che, pche, qn, come, Non"
55,1,28r,1460-09-11,1460,Roberto de S. Severino,3,False,True,True,9,True,,True,30,False,"FWs: Qua, o_ue, o_ui, of, che, nuy, vuy, come, per, non"
56,1,28v,1460-10-21,1460,R.D. Lo. de Lodouias Aptico Protonotario,3,True,True,True,8,True,,True,40,False,FULL cipher: 3 alphabets + syllabary + gemine + FWs + 40 nomenclator
57,1,29r,1460,1460,Prospero Camulio (seconda),3,True,True,True,10,True,,True,70,False,MOST COMPLEX cipher in collection. Full syllabary + 70+ nomenclator entries
58,1,29v,1461-02-06,1461,Antonio Cincinello Regio oratore,3,True,True,True,8,False,,True,25,False,Full syllabary. No separate FW section
59,1,30r,1461-04-13,1461,Comite Camerlengo,3,True,False,True,11,True,,True,40,False,"Full syllabary. Nulls include: ta, te, ti, to, tu (syllables as nulls!)"
60,1,30v,1461-04-17,1461,Abbate de Casanoua,2,False,False,True,11,True,,True,30,False,"FWs: Qua, que, qui, quo, come, che, non, per, vuy, nuy"
61,1,31r,1461-06-01,1461,Virgilio Malurio Bononensi,3,True,True,True,8,True,,True,20,False,Full syllabary. Bologna focus
62,1,31v,1461-06-15,1461,P. de Campofregoso Archiepo Janue,2,True,False,True,14,True,,True,40,False,"Full syllabary. Nulls include: fic, non. Genoese geographic nomenclator"
63,1,32r,1461,1461,Johannemingo & cum Amico,1,False,True,True,7,False,,True,30,False,"UNUSUAL: Uses Latin/Italian WORDS as nomenclator codes (saluz, robur, amoeps, dic, nichil). Nulls: dire, fare, nienta, questo"
64,1,32v,1461-05-18,1461,Matheo de Capua,2,False,True,True,7,True,,True,30,False,"Italian FWs: Come, qn, che, perche, qua, que, qui, quo"
65,1,33r,1461-03-18,1461,Johanne de Valignano,3,False,True,True,9,True,,True,30,False,"Italian FWs: Come, o_uando, che, Perche"
66,1,33v,1461,1461,Matheo de Capua (via Othonis de Carreto),3,False,True,True,13,False,,True,30,False,"Nulls include Latin: semp, vbiq, hic, &, Tum, ctra, qn, fich, ptato"
67,1,34r,1461-06-12,1461,Carli. Ursino,2,False,False,True,10,True,,True,30,False,Cardinal Ursini cipher. FWs present
68,1,34v,1461-06-13,1461,Neapolione Ursino,2,True,True,True,9,True,,True,20,False,Full syllabary. FWs present
69,1,35r,1461-06-25,1461,Hieronymo Spinula,2,False,False,True,12,True,,True,25,False,Genoese cipher. Nulls include: qui
70,1,35v,1462-03-02,1462,Antonio de Noceto,3,False,False,True,16,True,,True,30,False,Many nulls. FWs present
71,1,36r,1462-07-16,1462,Johanne de Camerino,3,False,False,True,15,True,,True,25,False,"FWs: Qua, que, qui, per, ch, non, pch, come, rqn"
72,1,36v,1465-06-09,1465,Azone Vicecomite (Locumtenente Ducatus Bari),2,False,True,True,11,True,,True,55,False,VERY extensive nomenclator. Pavia location noted. FW section present
73,1,37r,1463-06-16,1463,Lancelotho de Figino,2,False,False,False,0,True,,True,25,False,Nihil importat: q+ ... o↑o markers. Romagna focus
74,1,37v,1463-08-23,1463,Antonio de Besana,2,True,True,True,12,True,,True,40,False,Full syllabary + extensive nomenclator
75,1,38r,1463-10-18,1463,Nardinis Archiepo Mediolanen,3,True,False,True,13,True,,True,50,False,FULL cipher: syllabary + FWs + 50 nomenclator. Numbers 13-18 as nulls
76,1,38v,1463-11-18,1463,Nicolosio de Spedia,2,True,False,True,9,True,,True,40,False,Full syllabary. Nulls include: sic
77,1,39r,1464-01-18,1464,Gyrardo de Collis,2,False,False,True,6,True,,True,30,False,"Italian FWs: Pertanto, siche, quando, porche, che, non, come. Nulls include: con, no, qmodo"
78,1,39v,1464-03,1464,Philippo Perusino,3,True,False,True,12,False,,True,20,False,Full syllabary. 3 alphabets
79,1,40r,1464,1464,Raphaele Caymo,3,True,False,True,10,True,,True,65,False,"EXTREMELY extensive: 65+ nomenclator in 4 columns. Geographic (Constantinople, Morea, etc.)"
80,1,40v,1464-06-02,1464,Johanne de Serra milite Januen,2,False,False,True,13,True,,True,30,False,"FWs: Qua, que, qui, quo, ch, of, non, per, nuy, vuy, come"
81,1,41r,1464-06-10,1464,Baptista de Goano milite Januen,2,False,False,True,12,True,,True,25,False,"FWs: Qua, que, qui, quo, of, non, nuy, vuy, per, come"
82,1,41v,1464-08-25,1464,Marco Coyro,2,False,True,True,8,True,,True,15,False,"Small cipher. Italian FWs: Quando, Perche, che, Non, Come"
83,1,42r,1464,1464,Tristano Sphortia (seconda),3,True,True,True,15,True,,True,40,False,FULL cipher: 3 alphabets + syllabary + gemine + FWs + 40 nomenclator
84,2,42v,1465-01-27,1465,Roberto Malatesta,3,True,False,True,8,True,14.0,True,50,False,"Full syllabary (Ab-Vb). Very large nomenclator incl D.Alex Sforz, D.Thadeus Immole. 14 FW entries (Qua/que/qui/non/che/opecto/per/come/qn/La S.v/La S.foa/la M.foa/las far/las for)."
85,2,43r,1465,1465,Christoforo Sacramorso Ariminensi,3,False,True,True,5,False,0.0,True,25,False,"Duplicate (bb-tt). Nomenclator incl Conte Jacomo, Conte de Vrbino, S.D. Malatesta, Mr Robertho, Arimino, Castel d Arimino, Cesenna."
86,2,43v,1465-01-22,1465,"Magro Ambrosio Grypho, Ducali Physico",3,False,True,True,7,True,5.0,True,30,False,"Ducal physician. Duplicate (bb-tt). FWs: che/perche/come/quando/Non. Nomenclator incl Rex Hungarie, Rex Boemie, various Duces and military terms."
87,2,44v,1465-02-16,1465,R.mo D.A. Car.li Reatino,4,False,False,True,12,True,12.0,True,60,False,"Very large. 4 alphabet rows. 12 nulls. FWs: Qua/que/qui/quo/of/ch/non/per/nuy/vuy/come/La S.vra. 60+ nomenclator entries incl military terms, Romagnol cities. D.Johes d Bentiuolis, Bononia added later."
88,2,45r,1465-04-23,1465,Egidiolo Oldovino,3,True,True,True,8,True,10.0,True,45,False,Full syllabary (Ab-Vb). Duplicate (bb-tt). FWs: Si/siche/pct/che/non/qui/que/La S.foa/La S.vra/La M.foa. Large nomenclator.
89,2,45v,1465-05-06,1465,Sacramoro Ariminensi,3,False,True,True,8,True,8.0,True,55,False,"Duplicate (bb-tt). FWs: Qua/que/perch/qn/come/La S.foa/La S.v/non/che/per. Very large nomenclator with Romagnol politics. S.Constantio Sforza, Comes Urbini, D.Sigismundus, D.Malatesta, D.Isotta etc."
90,2,46r,1465,1465,Petro de Pusterla,3,False,True,True,15,True,8.0,True,30,False,"Gemine (bb-tt). Very large null section (15 symbols including oto variants). FWs: Qua/que/che/of/come/Nuy/Vuy/non/La S.v. Nomenclator incl D.Sigismundus, D.Alex.Sfor, Terdona, Ptholomeus Colion etc."
91,2,46v,1465-08-15,1465,Robertho de Malatestis,3,False,True,True,8,False,0.0,True,40,True,"Duplicate (bb-tt). Nulls include ""et qdqd erit inter hec duo signa"" (null zone between two markers). Large nomenclator with Romagnol entries. Latin FWs: Tractatus, Succursus, Pax, Guerra. Also Perche, Pertanto, Mandare, Aspectaro, Faro, Dubito, Non dubito, Pthonoro."
92,2,47r,1465,1465,"Johanne Blancho, Cancellario",4,True,True,True,12,True,14.0,True,65,False,"MAJOR CIPHER. Full syllabary (Ab-Vb). 4 alphabet rows. Duplicate with ""pertanto"" suffix. FWs: Qua/que/qui/che/per/porch/come/La M.foa/La S.v/La S.foa/non/sichi/p. Enormous nomenclator (65+ entries). Comprehensive coverage of Italian political landscape."
93,2,47v,1465,1465,Antonio Laudensi Familiari,3,False,True,True,6,True,7.0,True,18,False,"Gemine (bb-tt). FWs: Qua/qui/come/perche/non/piu/La S.vra/La S.foa. Small nomenclator: Papa, La Sig.de venecia, Rex Ferdinandus, Florentini, Senenses, Dux Mutine, Marchio Mantue, Bolognesi, D.Manfredus de Corigia, D.Antonius de Corigir, Fanti, Cavalli, Lance, Denari."
94,2,48r,1465,1465,"Philippo Novariensi, Cancellario",3,False,True,False,0,True,10.0,True,30,False,"Gemine (bb-tt). FWs: Qua/que/qui/quo/che/perche/come/quando/non/La S.vra. Nomenclator incl military: Fanti, Cavalli, Lance, Denari, Balestre, Poluere, Contadini, Brescio, Soncino, Genedarme, Pizighittone, Lode, Commissario, Podesta. Practical/logistical cipher."
95,2,48v,1465,1465,Lodouico Petronio Senensi,4,False,True,True,6,False,0.0,True,22,True,"Unusual: nomenclator uses LATIN WORDS as codes (super ut, mons ut, postea, ventum, prudens, pur, comayre, fides, caviars, pondus, calor, potens, sagitta, stella, lumen, castellanus, vapor, albus, minime, sors, impacies, clodus ut). Very distinctive code style."
96,2,44r,1466-01-08,1466,Johannepervo Panicarola (existens poenes Regem Francorum),4,True,True,True,10,True,12.0,True,55,False,"MAJOR CIPHER. Full syllabary (Ab-Vb, 5 vowel rows). 4+ alphabet rows. Gemine. Extensive FW (Qua/que/qui/quo/che/per/pct/come/qn/La S.foa/La S.v/La S.foa). Nomenclator 55+ entries incl French political figures. Sent to France. Post-Alberti potential."
97,2,49r,1466-05-28,1466,R.D. epo Legionensi,3,True,True,True,7,True,5.0,True,30,False,Full syllabary (Ab-Vb). Gemine (bb-tt). FWs: Questo/Non/Si/come/Quando. Nomenclator 30 entries.
98,2,49v,1466-10-18,1466,Johanne de Bentauolis Bononiensi,4,True,True,True,8,True,14.0,True,55,False,MAJOR CIPHER. Full syllabary (Ab-Vb). 4 alphabet rows. FWs: Qua/que/qui/qn/come/per/pct/ch/prato/La S.v/La S.foa/La M.foa/Siche/non. 14 FW entries. Very large nomenclator (55+ entries). Post-Alberti (1466).
99,2,50r,1466-11-08,1466,"Lancelotho de Macedonia, oratore Regis Ferdinandi apd Regem Aragonum",3,False,True,True,10,True,16.0,True,45,False,"Numeric cipher (1-48 for alphabet, 100-1000 for nulls). FWs: Qua/que/qui/che/percts/qn/come/pertanto/sich/La S.v/la M.foa/La S.foa/pur/Impho/non/Siche. 16 FW entries. Large nomenclator with numbered entities (Papa=100, Imperator=200...Pratica=40000). ALSO: Duple (bb-tt) with syllable codes (Siche/ru)."
100,2,50v,1467-05-13,1467,R.mo D. St. Archiepo nunc et Cardinali Mediolanensi,3,True,True,False,0,True,14.0,True,40,False,Full syllabary (Ab-Vb). Gemine/Cominuor (bb-tt). FWs: Qua/que/qui/quo/che/perche/come/qn/non/la S.vra/La S.foa/La M.foa. 14 FW entries. Nomenclator 40+ entries. Cardinal of Milan. La M.vra/La S.foa/La M.foa = 3 honorifics.
101,2,51r,1467-06-18,1467,Jo. Papazono Bononiensi,3,False,True,True,8,True,14.0,True,25,False,"Numeric cipher (1-50 for alphabet). Duple (bb-tt) with syllable codes. FWs: Qua/que/qui/pro/pct/che/qn/come/tanto/La S.v/La S.foa/la M.pa/La S.foa/no. Nomenclator with numeric codes (Papa=100, Imperator=200...Pratica=40000). Siche/ru. 14 FW entries."
102,2,51v,1467-10,1467,"Sphortia de Betinis, Florentine Ducali Familiari",2,False,True,True,8,False,0.0,True,18,True,"Nulls include Latin words: si, sic, per, non, //, ros, pur, andj, ets. Duplicate (bb-tt). Small nomenclator focused on Milanese politics: Dux Mediolani, Marchio Montisferrati, Dux Sabbaudie, Philippus de Sabbaudie, Rex Francie, Ast, Vercelle, Gentes, Denari, Subsidium, Treugue, Pax, Sabbaudienses, Pedites, Equites."
103,2,52r,1468-03-16,1468,Antonio Troto,3,True,True,True,6,False,0.0,True,20,False,"Full syllabary (Ab-Vb). Geminate (bb-tt). Nomenclator: Papa, Cardinales, Legatus Bononie, Malvetij, Rex Ferdinandus, Florentini, Veneti, Ptholomeo Coleone, Petro de Cosmo, Sre de Fauenza/Forli/Immola, Cavalli, Fanti, Denari, La S.vra, la M.foa, La S.foa."
104,2,52v,1468-04-28,1468,"Conrado Vuagner, ecclesie de Rossuil pastorali Rectore",3,False,True,True,8,False,0.0,True,12,False,"German correspondent (Rossuil). Nulls include: c, cc, ccc, 400, et, no, sic, qe. Gemine (bb-tt). Small nomenclator: Papa, Imperatore, Rex Francie, Dux Burgundie, Dux Mediolani, Sabbaudienses, Teuthones, Dux Sabbaudie, Veneti, Liga, Confederati, Guerra, Pax, Accordium."
105,2,53r,1468,1468,Ser.mo D. Cesare,3,False,True,True,8,False,0.0,True,22,True,"Nulls include ""et qdqd erit inter ista duo signa"" (null zone markers). Duplicate (bb-tt). Latin nomenclator: Papa, Rex Francie, Dux Mediolani, Rex Ferdinandus, Dux Ferrarie, Dux Mutine, M.chio Mantuan, M.chio Montisferr, Oratores, Collegium Card, Numi, Parentato, Pax, Bellum, Dux Burgundie, Conducta, Consilium."
106,2,53v,1468,1468,"Albertho Magalotho, Cancellario apd Regem Francorum",2,True,True,True,6,True,5.0,True,20,True,"Syllabary but partial (Ab/Eb/Ib/Ob, Ad/Ed/Id/Od + Af/Ef/If/Of/Uf + Ag/Eg/Ig/Og/Ug). FWs: Que/Qua/non/si/La M.vra. Latin nomenclator with code-words (quare/quia/tunc/semp/cessat/instat/vellent/durant/olim/amicus). Sent to France."
107,2,54r,1468-09-22,1468,Sphortia Bettino Florentino,4,True,True,True,8,True,10.0,True,35,False,Full syllabary (Ab-Vb). 4 alphabet rows. Gemine (bb-tt). FWs: Qua/que/qui/ct/pct/qn/come/La M.foa/La S.v/non. 35+ nomenclator entries. Florentine correspondent.
108,2,54v,1468-11,1468,Antonej Dandoli Veneti (extractr de Venetiis),5,True,True,True,10,False,0.0,True,15,True,"5 alphabet rows (extremely deep). Partial syllabary (Ab/Ib). Gemine (ff/ll/ff/tt/cc). Nomenclator: Dux Sabbaudie, Pace, Rex Francor, Treugue, Veneti/La S.vra, Dux Burgundie, Dux Mediolani, Liga, Philippo, Tamen. Uses code-words (quomodo/qi/accurate/Infinite/nunc dic/Jgo/ppea/immondo/animose/Tez)."
109,2,55r,1468,1468,Theodoro Plato,3,True,True,True,7,True,7.0,True,15,False,"Syllabary (Ab-Vb partial: Ab/Ib/Of + subsets). Gemine (bb-tt). FWs: Qua/que/qui/che/come/nuy/Vra S.ria. Small nomenclator: Papa, Imperatore, Dux Austrie, Dni de Liga, Janua, Milano, Rex Francor, Dux Burgundie, Dux Sabbaudie, Dniium Venetor, Rex Hispanie, Philippo a mons."
110,2,55v,1468,1468,"P.mo D. Jo. Ar. epo Novarien, Nunc et Cardinali",4,False,True,True,12,True,14.0,True,40,False,"Cardinal of Novara. 4 alphabet rows. Gemine (bb-tt). FWs: Siche/Adunqe/Impho/pche/perho/vnde/v.S.ta/Huy/vuy/che/q/pur. ~14 FW entries. Large nomenclator (40+) incl many Cardinals by name (Vicecancell, Rhoano, S.Angelo, Niceno, S.Petri in vincula, Ursino, S.Marco, Mantue, S.Sisto, S.Petri ad vincula). D.Leonardo Dato, Secretario aplico."
111,2,56r,1468-12-17,1468,Reuer.mo D. Car.li Reatino,3,True,True,True,12,True,12.0,True,75,False,"VERY LARGE CIPHER. Full syllabary (Ab-Vb). Gemine (bb-tt). FWs: Qua/que/qui/che/per/non/pct/qn/come/La S.v/La S.de n.s/La S.foa. Enormous nomenclator (75+ entries) covering all of Italy: political figures, cities, regions (Roma, Napoli, in S.Pietro, in S.Marco, in regno, in Tuscia, in Lombardia, in terris venetos, Laquila, Abruzo, Campania). Most comprehensive geographic coverage seen."
112,2,56v,1468,1468,"Baptista Baldizono, Castellano Amerie",3,False,True,True,5,False,0.0,True,15,False,"Gemine (bb-tt). Plus second cipher on same page: ""Cyphra cum nouo Familiari et amico"" - very simple (1 alphabet row, nulls only). Nomenclator: Papa, Rex Ferdinadus, Rex Aragonii, Veneti, Rex Renatus, Dux Johannes, Corsica, el Turco, Janua. Subscriptio sigils included."
113,2,56v-b,1468,1468,Nouo Familiari et amico (of Baptista Baldizono),2,False,False,True,10,False,0.0,False,0,False,"Very simple cipher, second on page. Alphabet + nulls only. ""Subscriptio nois utriusqe partis sit hoc modo"" - includes signature symbols."
114,2,57r,1468,1468,Angelo Gerardino epo Sinueslano,3,False,True,True,12,False,0.0,True,30,False,"Duplicate (bb-tt). Large null section (12+). Nomenclator 30 entries incl Barczalonn, Gentes armigere, Liga, Pedites, Armati, Galee, Naues + honorifics (In vra M.ta, La M. fur, La Jlma Sria vra)."
115,2,57v,1469-04-28,1469,Roberto Malatesto,2,False,True,True,8,True,5.0,True,30,False,Second cipher with Roberto Malatesta (compare id 84). Duplicate (bb-tt). FWs: Perche/Che/Quando/Come. Nomenclator 30 entries. Simpler than his 1465 cipher.
116,2,58r,1469-06-13,1469,Francisco Quirino Veneto,3,False,True,False,0,True,3.0,True,25,False,"Venetian correspondent. Duplicate (bb-tt). FWs: Chi/Che/Come/Cosi. Nomenclator: Papa, Sria de Venetia, Re Ferrando, Fiorentini, Dvca de Milano, Marchest de Mantoa, Ptholomeo, Sre Alexandro, Bolognesi, S. de Arimino, Conte d Vrbino, Neapolione, Ambaxatori, Pace, Guerra, Bologna, Faenza, Cesena, Imola, Pesaro, Armati, Capitanei, Conducteri, Campo, La Chiesa, Consilio, Pregon, Inimico. Subscriptio: Franc. O — Virino — Ac."
117,2,58v,1469-07-18,1469,Petro de Modignano Laudensi,2,True,True,True,12,True,10.0,True,18,False,"Syllabary (Ab-Vb partial). Gemine (bb-tt). Nulls extensive (sic/va/vi/vo/vol/thic/dic/ro/H/Az/o/r). FWs: Qua/que/qui/qn/come/perch/come/ch/La S.foa/La S.v/non. Nomenclator: Papa, Imperatore, Rex Francor, Dux Mediolani, Rex Ferdinand, Conte d vrbino, Sre Alexandro, Cardinali, Ptholo Coleone, Dvca de Modena, Dvca Johanne, Venetiani, Fiorentini, Galee, Dinari, Arimino, Sre Robertho, Subsidio, Dvca de Sauoya, Accordio, Gentedarme."
118,2,59r,1469-10,1469,"P.mo D. St. Archiepo Mediolani, nunc etiam Cardinali",4,True,True,True,7,True,10.0,True,30,False,"Cardinal Archbishop of Milan. Full syllabary (Ab-Vb). 4 alphabet rows. Geminat (cc/dd/ff/gg/tt). FWs: Qua/que/qui/qn/perch/come/ch/La S.foa/La S.v/non. Nomenclator: Papa, Imperatore, Cardinali, Re Ferrando, Re di Franza, Duca Johanne, Duca de Borgogna, Re Raynero, Re d Inghilterra, Re di Spagna, Re d Hungaria, Turcho, Venetiani, Fiorentini, Bologsesi, Duca de Ghiena, Duca de Borbon, Conte de Vrbino, S.Alexandro, Neapolione, Dinari, Caualli."
119,2,59v,1470-02,1470,Alexandro Spinula,2,False,True,True,8,True,8.0,True,50,False,Duplicate (bb-tt). FWs: Che/Quando/Perche/Ilperche/Come/Si/Non. Enormous nomenclator (50+ entries) covering Italian and international politics. Includes conditional phrases: Se accadesse/potria essere/essendo cosi/Pensate/Sta bene/In caso che non/p.omr/Dote. Very expressive code system. Alexander Spinula signature symbol at bottom.
120,2,60r,1470,1470,Nicolas Bononiensi,2,False,False,True,10,True,4.0,True,18,False,"Simple cipher. FWs: Che/come/quando/Perche. Small nomenclator: El Papa, Imperatore, el Turcho, el Re di Franza, el Duca de Borgogna, el Duca de Milano, Venetiani, el Re Ferrando, Fiorentini, Dvca de Sauoya, Dvca de Modena, Marchest de Matua, Ptholomeo Coli, Conte d Vrbino, Dvca Johanne, Sre de Arimino, Bolognesi, Sre de Forli, Sre de Imola, Larcivesfo di Genoa, La Ex.vra, La Sria vra, La Sublt. vra."
121,2,60v,1470-04-05,1470,JohanneAndrea Cagnola,3,False,True,True,7,True,8.0,True,25,False,"Duplicate (bb-tt). FWs: Che/come/qn/perche/sich/Pertanto/vnde/La M.foa. Nomenclator 25 entries: Papa, Imperatore, Rex Francor, Rex Ferdinand, Rex Hungarie, Rex Aragonii, Dux Mediolani, Veneti, Florentini, Comes Vrbini, Senenses, Bononienses, Dux Calabrie, Dux Mutine, Marchio Mantue/Montisferr, D.Thadeus d Imola, D.Carolus Fauen, Gentes armigere, Pedites, Equites, Denari, Cardinales, Mag. Roberthus. Comes Brocard added."
122,2,61r,1470-04-04,1470,Marco Troto Cancellario (renovata memme maxqum fab die xi aprilis 1480),3,True,True,True,8,True,8.0,True,25,False,"Originally 1470, renewed 1480. Full syllabary (Ab-Vb). Gemine (bb-tt). FWs: Che/come/quando/perche/sich/La S.vra/La S.foa. Nomenclator ~25 entries. Note ""renovata"" = cipher key updated."
123,2,61v,1470-11-28,1470,Antonio Bracello Genuensi,3,True,True,True,8,True,8.0,True,35,False,Full syllabary (Ab-Vb). Gemine (bb-tt). FWs: che/come/quando/perche/cosi/siche/non/pertanto. Nomenclator ~35 entries. Genoese correspondent.
124,2,62r,1470-09-12,1470,Cavalchino Guidobono,3,True,True,True,6,True,10.0,True,30,False,Full syllabary (Ab-Vb). Duplicate (bb-tt). FWs: Che/come/quando/percts/sich/La S.de N.s/La M. del Re/La S.v. Nomenclator ~30 entries.
125,2,62v,1470-12,1470,"Johe de Scipiono Marchione Palauicino, Vicegubernatore Genue",3,False,True,False,0,True,7.0,True,35,False,"Gemine (bb-tt). FWs: Che/perche/qn/come/La S.v/La S.foa/La M.fur. Nomenclator ~35 entries incl many Genoese families: Lodouco d Capofie, Johe Galeaz d Capofie, Martineto/Larzarino d Capofie, D.Iblecto dl Fiesco, Carolino dl Fiesco, Prospero/Carolino Adorno, D.Lambrtho/Jo.Andrea Grymaldo, Spinoli, Adorni, Fregosi, Orij, Fioschi, Montaldi, Guarchi."
126,2,81v,1470,1470,"Protonotario de Spiritibus, Clerico Camere Apostolice",3,False,True,True,8,False,0.0,True,20,True,"Apostolic clerk. Duple (bb-tt). Nulls include ""et omne id qd intee ponet inter ysta duosigna"" (null zone). Nomenclator ~20 entries. Latin context. B.do dno B. de Rachaneto protonotario uri pri Conuisimo at bottom."
127,2,82r,1470,1470,Johanne Palombaro et Fernando hira secreti,3,False,False,True,8,True,8.0,True,10,True,"""Nihil Importantis"" section with symbols. FW/vocabulary: de/et/per/satis/quies/An/fuit/Vellet/Bellum/sicut/sunt/quauis/Iterm. Nomenclator: Rex Francie, Dux Sabaudie, gentes, Ducissa Sabaudie, Dux Mediolani, Dux Burgundie, Rex Ferdinandus, Dux Renatus. Latin vocabulary encoding."
128,2,84r,1470-09,1470,Franco d Oleuano manente Vercello,3,False,False,True,5,False,0.0,True,10,False,"""Nihil Importantis"" (5 symbols). Small nomenclator ~10 entries: Philippo Monre, Governatore d Vercelli, Comunita d Vercelli, Gentedarme, Fantarie, Re d franza, Duca d borgogna, Madama de sauoya, Vescouo de zenduri."
129,2,63r,1471-01-09,1471,Balthasare Guidizono Lucensi,3,False,True,True,6,True,6.0,True,20,False,Duplicate (cc/ll/vr/ff/tt/pp/mm/nn/bb/dd). FWs: Che/qn/perche/come/Ilperche. Nomenclator ~20 entries.
130,2,63v,1471-04-15,1471,R.mo D. Car.li Senensi (dum eset in partibus Alamanie),4,True,True,True,8,True,10.0,True,18,False,"Cardinal of Siena in Germany. Full syllabary (Ab-Vb). 4 alphabet rows (very deep). Gemine (bb-tt). FWs: Qua/que/qui/quo/che/pche/come/qn/La S.v/La S.foa/La M.foa. Nomenclator: Papa, Imperatore, Rex Francie, Rex Ferdinandus, Rex Hungarie, Rex Boemie, Rex Renatus, Dux Burgundie, Dux Britannie, Dux Mediolani, Florentini, Dux Austrie, Veneti, Cardinales."
131,2,64r,1471-06-07,1471,Antonello Scalliono,2,False,True,True,3,True,8.0,True,40,False,"Gemine (bb-tt). FWs: Che/Perche/Quando/Come/Presto/Tanto/Non. Very rich nomenclator (40 entries) with many Italian terms: Fiorentini, Bologna, Romagna, Reame, Napoli, Hormenid arme, Aiuto, Cavalli, Fanti, Haue, Galee, Armati, Guerra, Tregue, Pace, Accordo, Conclusione, Siche, Aduisb, de quo, de la. Practical military/diplomatic cipher."
132,2,64v,1471-11-15,1471,Antonio de Applano Familiari Secretario,4,False,True,True,5,True,7.0,True,40,False,"4 alphabet rows. Duplicate (bb-tt). FWs: Che/quando/come/perche/non/La S.v/La M.foa/La S.foa. Nomenclator ~40 entries incl Antonio Tassino, Aloyst Becchero, Sre de Faenza/Arimyno, Duca de Vrbino, Sre Constantio, Monr Asphanio. Secretarial cipher."
133,2,65r,1471-08-04,1471,Hieronymo Maleta,3,False,True,True,5,True,8.0,True,15,False,"Duplicate (bb-tt). FWs: Qua/que/qui/quo/che/perch/come/qn/La S.v/La S.foa. Nomenclator ~15 entries: Papa, Cardinali, Re Ferrando, Venetiani, Duca de Milano, Conte de Vrbino, D.Hercule, D.Nicolo, D.Albertho, Galee, Fanti, Fiorentini, Bolognesi, D.Carlo da Faenr, el Sigre d Imola, el Sre de Forli."
134,2,65v,1471-07-22,1471,Carolo Vicecomite,3,True,True,False,0,True,8.0,True,12,False,"Full syllabary (Ab-Vb). Gemine (bb-tt). FWs: Qua/que/qui/quo/come/ct/pct/La S.v/La S.foa/quando. Small nomenclator: Rex Francie, Rex Renatus, Dux Burgundie, Dux Sabbaudie, Philippo a mons., Bernenses, Dux Equitanie, Dux Austrie, Dux Mediolani, Piomonte, Caualli, Fanti, Denari."
135,2,66r,1471,1471,Carolo Vicecomite (apd Serum Imperatorem),3,False,True,True,7,True,7.0,True,25,False,"Second cipher with Carlo Visconti (for use at Imperial court). Duplicate (bb-tt). FWs: Come/Perche/quando/sicho/La Sig.vra/La M. del Imperatore. Nomenclator 25 entries: Papa, Imperatore, Rex Francos, Rex Sicilie, Rex Aragonum, Rex Ferdinandus, Dux Burgundie, Dux Mediolani, Dux Britannie, Dux Austrie, Dux Bauerie, Dux Alberthus, Matrimoniu, Pratica, Veneti, Florentini, Senenses, Bononienses, Comes Vrbini, Ptholomeus Coleonus, Marchio Mantue, M.chio Montisferr, Gentes armigere, Pedites, Accordium, Treugue, Pax, Bellum."
136,2,66v,1471-08-14,1471,Francisco de Petrasancta,2,False,True,True,7,True,4.0,True,18,False,Gemine (bb-tt). FWs: Che/Quando/Perche/Come. Nomenclator ~18 entries.
137,2,67r,1472-03-28,1472,"Johanneane de Brisleto, Archipresbytero Varesij",2,False,True,True,6,True,8.0,True,30,False,"Geminate (bb-tt). FWs: Che/come/qn/perch/vnde/sich/La S.del Papa/La S.vra/La M.foa. Nomenclator ~30 entries incl Cardinals, Senenses, Nicodemus."
138,2,67r-b,1472-09-12,1472,Christoforo de Bullate,3,False,True,True,8,True,9.0,True,42,False,Gemine (bb-tt with syllable substitutions la-fe). FWs: che/non/perch/quando/pertanto/siche/La Seu vra/La Seu for/La M.ta foa. 42+ nomenclator entries. Very rich diplomatic cipher.
139,2,68r,1472,1472,Petro Aliprando,1,False,False,False,0,False,0.0,True,22,False,"Very simple cipher. Single alphabet, numeric nomenclator (Imperatore=100 down to Dux Ferrarie=10). No nulls, no FWs, no geminate. Minimal cipher."
140,2,68v,1472,1472,R.D. Ardicino de la Porte,4,True,True,True,4,True,6.0,True,22,False,"IMPORTANT: Full syllabary (Ab-Ox, 4 vowel rows). 4 alphabet rows. Gemine (bb/dd/ff/pp/ss/tt). FWs: Che/qn/perche/La S.vra/La sua Beatne/La sua Mta. Nomenclator ~22 entries. Complex structure."
141,2,69v,1472-04-13,1472,"Johanne de Rabesten, Consiliario & oratore Regis Hungarie",3,False,True,True,7,True,8.0,True,42,True,"KEY CIPHER: Uses LATIN FWs (Quod/Autem/Quomodo/Quando/Quia/Non/Si/Vel). Greek-like cipher symbols. Gemine (bb-tt). 42+ nomenclator entries covering European politics incl Rex Polonie, Dux Bavarie, Dux Saxonie, Electores. VMS-RELEVANT: Latin FW encoding in diplomatic context."
142,2,70r,1472-04-22,1472,Comte Hieronymo Vicecomite (S.mi D.N. Nepote),3,False,False,True,9,True,8.0,True,25,False,Nephew of Pope. FWs: che/qn/perche/La Sria vra/La Sta del pp/La S.v/La M.foa/pertanto/La M.foa. 25 nomenclator entries.
143,2,70v,1472,1472,Bartholomei de Sal Bononiensi (with Georgio Spinula vicegub Janue),4,False,False,False,0,False,0.0,True,20,False,"Numeric cipher. 4 rows of 2-digit numbers. Nomenclator uses paired numbers (Papa=42/55, Venetiani=80/45 etc). Unusual dual-number code system. Includes D.Hybleto=63, D.Lodouico=64, D.Jo.Galeazo=33, D.Thomas Fregosi=68."
144,2,69r,1473-05-23,1473,Johanne Baptista d Anguillaria,3,False,False,True,4,True,5.0,True,20,False,FWs: Come/che/quando/perche/La Sria vra. 20 nomenclator entries. Moderate cipher.
145,2,71r,1473-08-11,1473,Leonardo Botta,3,False,True,True,10,False,0.0,True,40,False,"Duplicate (bb-tt). Nulls include ba/be/bi/bo/bu (syllabic nulls). 40+ nomenclator entries. No separate FW section but FWs embedded in nomenclator (Accordium, Perche, Quando, La Sria vra, Amici, Denari, Pratica)."
146,2,71v,1473,1473,D. Presbytero Petro Aliprando,3,False,False,False,0,False,0.0,True,50,False,"FRENCH-LANGUAGE nomenclator: Re de Franza, Re d Inghilterra, Duca de Borgogna, Duca de Milano, Bastardo de Bogogne, Gran Cancellero, Monre de Cluni/Humbancort/Mezl/Ronzi/Romund/la Grutusa/la vera/la Marco. Also: Electori del Imperio, el concilio, Conte de Campobasso, Bayli de Alamagne, Marchest di Monferr, Duca de Modena. ~50 entries. Very rare French-language cipher in collection."
147,2,72r,1473-10-23,1473,Johanne Palombaro,2,False,False,True,5,False,0.0,True,20,False,"Simple cipher. 2 alphabet rows. Small nomenclator: Papa, Imperatore, Collegio d Carli, Re di Franzo, Re d Inghilterra, Re Johe d Aragona, Re Ferrando, Duca de Borgogna, Duca de Btagno, Duca de Borbon, Duca de Milano, Sria de Venetia, Fiorentini, Gentedarme, Denari, Treugue, Pace, Acordio, Ptholo. Coleone."
148,2,72v,1473-11-29,1473,Comte Brocardo de Persico,3,False,True,True,9,False,0.0,True,35,False,"Duplicate (bb-tt). 9 nulls. Large nomenclator (~35 entries) including Turco, Soldanus, Regina Cypri, M.chio Saluciaf. FWs possibly embedded in nomenclator (Pratica, Treugue, Pax, Denari)."
149,2,73r,1474-04-07,1474,D. Johe Amerino nunc episcopo Cesennati,3,False,True,True,20,False,0.0,True,30,False,"Bishop of Cesena. Duplicate (bb-tt). VERY LARGE null section (~20 entries: ats, b3, quare, la/le/li/lo/lu, fa/fe/fi/fo/fu, ga/ge/gl/go/gu, 8a/8u). Nomenclator ~30 entries incl Robertus Malatesta, Dns Pinus Foroliviij, D.Caroli Fauentini, Comes Hieronymi."
150,2,73v,1474-04-11,1474,Francisco de Casate,3,False,True,False,0,True,6.0,True,25,False,"Duplicate (bb-tt). FWs with NUMERIC codes: Che=82, come=84, quando=85, perche=88, Siche=90, Donde=32. Nomenclator ~25 entries incl Matrimonium."
151,2,74r,1474-05-02,1474,Guielmo de S. Clemente,3,False,True,True,7,False,0.0,True,30,False,"Gemine (bb-tt). 7 nulls. Nomenclator ~30 entries including Archiepo Toleti, Magr S.Jacobi, M.chio Vilciane. FWs embedded in nomenclator (Subsidium, La Sria Nra, La M.foa, Impressia, Rex Sicilie)."
152,2,74v,1474-05-23,1474,Christoforo de Cambiago,3,False,True,True,8,True,5.0,True,40,True,"Nulls include Latin words (et, sic, non, q2). Duplicate (bb-tt). FWs: Quando/Perche/Pertanto/Dieta. Large nomenclator (~40 entries) incl Electores Imperii, Rex Dacie, German/Imperial focus."
153,2,75r,1474-05,1474,"D. Alexandro epo Foroluiensi, Legato Aplico ituro ad Imperatorem",3,False,False,False,0,True,8.0,True,40,False,"Papal legate to Emperor. FWs: Quanto/Come/Quando/Perche/Che/Non. Nomenclator ~40 entries with very wide European scope: Re de Datia/Hungaria/Polano, Marchese de Brandebuig, Duca de Saxonia, Conte Palatino, Duca de Austerlich, Basilea, Liga de Suyzari, Marchest de Bade. Imperial/Swiss focus."
154,2,75v,1474-07-27,1474,Antonio Sbedardo Secretario (R.mi D. Cardinalis Rohani),3,False,True,True,5,True,8.0,True,40,False,Secretary of Cardinal of Rouen. Duplicate (bb-tt). FWs: Qua/che/come/quando/pche/Pertanto/La Sta del papa/La Stia foa. 40+ nomenclator entries.
155,2,76r,1474-08-28,1474,R.mo D. St. Car.le Mediolanensi,2,False,True,True,5,False,0.0,True,20,False,Cardinal of Milan. 2 alphabets. Duplicate (bb-tt). Nomenclator ~20 entries. Simpler cipher for established relationship.
156,2,79v,1475-10-22,1475,Bapta Marixo Jaunon ad Petro Alexandotanos,2,False,False,False,0,False,0.0,True,18,False,Simple cipher. 2 rows. Nomenclator only. ~18 entries.
157,2,83v,1475-08-28,1475,"Jacobo Bonarello, gubernator Corsice",3,False,True,True,10,False,0.0,True,25,False,"""Nihil Importantis"" section (10 symbols). Duplicate (bb-tt numeric). Nomenclator ~25 entries incl named individuals (D.Rannucius, Johannes paulus, Petrus d casa biancha, Grisus d ornessa, Orlandyncius d casta, Judocus d casta, Petrus d bonchavadia, Bondincrinis d dratra, Corsica, Gmarcha, hecbalonga, Balagnas, Culvi, Castellani). Corsican governor - practical local cipher."
158,2,80v,1476-02-27,1476,"Pret Fras vicomite, Johe de Scipiono, et Luca Grimaldo (oratores ad Ducem Burgundie)",2,False,True,False,0,True,7.0,True,25,False,Orators to Duke of Burgundy. Duplicate (bb-tt). FWs: qua/que/qui/quo/como/qn/ct/pache. Nomenclator ~25 entries. Simple but functional.
159,2,81r,1476-02-15,1476,Laurentio Landino de Ancona,4,False,True,False,0,False,0.0,True,15,False,4 alphabet rows. Duplicate visible. Nomenclator partially visible. ~15 entries.
160,2,82v,1476,1476,"Don Federico q Massimo, Thomasello Sabina secreta",4,False,True,True,5,False,0.0,True,10,False,4 rows including numbered sequence (1-31). Duplicate. Nulls. Small nomenclator ~10 entries.
161,2,83r,1476-04-17,1476,Thomasco Marchesio (orator gemmen ituro ad Regem Francorum),4,False,True,True,10,True,10.0,True,10,False,Orator to King of France. 4 alphabet rows. Duplicate (bb-tt). FWs: Qua/questo/Como/Quando/Perche/Donde/Siche/non/La S./V./La M.foa/La fg.foa. Small nomenclator. Elaborate FW section relative to nomenclator.
162,2,85v,1477-03-20,1477,Fabricio Elphitheo,2,False,True,True,5,False,0.0,True,15,False,Gemine (rr/ss/tt/mm/mn/pp/ll/bb). Nulls (5). Small nomenclator ~15 entries.
163,2,86r,1477,1477,Prospero Adurno,2,False,False,True,8,False,0.0,True,12,False,"""Nihil Importantis"" (8 symbols). Small nomenclator ~12 entries. Internal Sforza family cipher (Duchessa de Milano, Signore Robertho, Signore Lodouico, Signore ottauiano, Sforza secondo, Mo hybleto, Amicani, Vicegubrnatore de Genoa, Kadmo dal fiescho, M.Augustorlo da campofregoso)."
164,2,86v,1477-04-24,1477,"Daniele de Rubeis, potas Sanvor",2,False,True,False,0,False,0.0,True,5,False,Very simple cipher. Dupphicar (ss/ff/ll/mm/pp/rr/tt). Tiny nomenclator: Zenoesi/Sauonesi/Laranesforo de Zenoa/d.Ibieo/Galee. Minimal.
165,2,87r,1477-05,1477,Gymacho Collo et D. Guidani Arcimboldo (orator ad Imperatorem),3,False,True,False,0,True,8.0,True,45,False,Orator to Emperor. Dupplicar (cc/dd/ff/gg/y/ll/mm/pp/zz/ff/tt). FWs: na/lui/q/di/ma/preterea/donde/et. Very large nomenclator (45+ entries) incl monetary terms (penulega/lis/Cento/Mille/Millia/Auro/ducati). Wide Imperial/European political scope.
166,2,87v-88r,1477-09-26,1477,Ruffino de Muzzis,3,False,True,True,8,True,40.0,True,40,True,EXTREMELY ELABORATE FW SECTION. Dupplicate (bb-tt). FWs span: In/non/pct/plaqualcosa/ptanto/sich/come/quasi/quantunch/noobstante/preterea/presertm/considerato/principalmente/certam/sumamm/bench/qui/qua/ct/quis/quelli/quest/qtf/preterea/cioe/Molto/Dic/fac/far/Faceste/ho/ha/haver/hauesse/parl/ragion/pare/pareste/scriue/scrip/Lece/hebb. Plus verb forms: Vra ex.a/Vra sublta/v.celne/v.Jlmo/gria/Sua S.ta/Sua Beat.ne/Sua M.ta/Sua S.ria/Sua gria/Signoria/Communita/Lorosigrie. 40+ FW entries. 40+ nomenclator entries. Comparable complexity to Gerardo Cerruto. POST-ALBERTI (1477). Continues onto fo. 88r.
167,2,84v,1478-11,1478,Francisco de Petrasancta et Alex Coletta,3,False,True,True,5,True,12.0,True,30,False,Recepta in oppido S.Agathe. Duplicate (bb-tt). FWs: Qua/que/qui/como/quando/perche/non/pertanto/ha S./fa/se/fidem. 12 FW entries. Nomenclator ~30 entries. POST-ALBERTI (1478).
168,2,88v-89r,1478,1478,Atan. Tranchedino,5,True,True,True,15,True,16.0,True,80,False,"MAXIMUM COMPLEXITY. 5 alphabet rows. Full syllabary (Ab-Vb). Gemine (bb-tt). 15+ nulls (K/k/b/br/h/bt/btos etc). FWs: Qua/que/qui/quo/ch/pct/qn/come/qto/cito/pra(lqut)/concludes/semp/foa/S.vra. 16 FW entries. ENORMOUS nomenclator (80+ entries) covering all Italian politics. POST-ALBERTI (1478). One of the most elaborate ciphers in entire MS. D.Philippo sabbaudie, pmo.Ste meo, pmo.D.meo Duci asti, Gaulus Fran [Galeazzo?]."
169,2,89r-89v,1478,1478,"Hieronymo Spinola, Genuen Consiliario",3,False,True,True,7,True,4.0,True,60,False,"Genoese counselor. Duple (bb-tt). FWs: Che/pche/qn/pertanto. VERY LARGE nomenclator (60+ entries) focused on Genoese families and politics: Adorni, Spinuli, Fregosi, Fieschi, Grimaldi, Orij, Forusiti, Rebelli, Castelletto, Castellario, Liculo, Polceuera, Sangiorzo, Populo, Cattalani, Franzesi, Cattalorni, Barczaloni, Valencir. Genoese-specific cipher."
170,2,89v-a,1478,1478,Thomasino de Campofol,1,False,False,False,0,False,0.0,False,0,False,"Minimal cipher. Single alphabet row only. ""a ugee in fo. 94. at°"" note."
171,2,89v-b,1478,1478,Hectoris de Fiesco cu dno Urbano ci prr,1,False,False,False,0,False,0.0,False,0,False,Minimal cipher. Single alphabet row only.
172,2,90r,1478-03,1478,Aloysio Becheto,3,False,True,True,8,True,9.0,True,35,False,"""Nihil Importantis"" (8 symbols). Geminat (bb-tt). FWs: Perch/ptmto/bench/sich/non/La S.vra/perche/come. Nomenclator ~35 entries."
173,2,90v,1478,1478,D. Luca Grimaldo Consiliario,3,False,True,True,6,True,12.0,True,50,False,"Duplicate (bb-tt). FWs: che/percts/come/quando/si/pcts/ptanto/non/cosi/littere/qua/qui. 12 FW entries. Very large nomenclator (50+ entries) including M.chesi de Finale/Monferrato, Armato, Haue, Galee, Fuste, Fanti, Gentedarme, Cathalani, Franzesi, Duca de vrbino, D.Rotrcho de S.Seuer, Amici, Inimici."
174,2,91r,1478,1478,R.D. Epo Comensi,3,False,True,True,7,True,9.0,True,40,False,Bishop of Como. Duplicate (bb-tt). FWs: che/pche/quando/pertanto/non/cosi/littere/qua/qui. 9 FW entries. Nomenclator ~40 entries.
175,2,91v,1478,1478,Johanne Paculo Trivulce (misso ad presiduum Florentinorum),3,False,True,True,6,True,7.0,True,20,False,"""Nihil Importantis"" (6 symbols). Duplicate (bb-tt). FWs: Percts/Como/quando/La S.vra/che/non/pee. Nomenclator ~20 entries. Sent to Florence."
176,2,92r-a,1478-06,1478,Jo. bapt. Copt. cum Rege f.,2,False,False,False,0,False,0.0,True,3,False,"Minimal cipher. 2 alphabet rows. Tiny nomenclator: Mariagio, Re di Franza. With King of France."
177,2,92r-b,1478,1478,D. Frederico (Zyfea eiusdem),2,False,False,False,0,False,0.0,True,2,False,"Minimal cipher. Same person different cipher. La M.del Re Ferrando=10, Re de Franza=50."
178,2,85r,1479-01-01,1479,"Johanne Francisco M. Marchione Palauicino, vicegubernatore Janue",3,True,True,True,10,True,9.0,True,30,False,"POST-ALBERTI (1479). Vice-governor of Genoa. Full syllabary (ab-ux). ""Nihil Importantis"" (10 symbols). Geminat (cc/ff/gg/ll/nn/rr/ff). FWs: pch/ptmto/bench/sich/non/La S.vra/ch/epy/como. 30 nomenclator entries. Syllabary + FWs + large nomenclator."
179,2,76v,1480-02-15,1480,Johannepetro Panicarola,5,True,False,True,8,True,14.0,True,55,False,"MAXIMUM COMPLEXITY CIPHER. 5 alphabet rows. Full syllabary (Ab-Vb, all 5 vowels). FWs: Qua/que/qui/che/no/per/pct/qn/come/qto/La S.v/La M.foa/Pertanto/La S.fra. 14 FW entries. 55+ nomenclator entries incl Don Federico, Comes Julius, Jacobo Galeothus, Troylo. ALSO: Magn Cancelleri encoded. POST-ALBERTI (1480). Closest structural parallel to VMS: 5-row polyalphabetic + full syllabary + extensive FWs + large nomenclator."
180,2,78v-79r,1480,1480,Gerardo Cerruto,5,True,True,True,8,True,35.0,True,70,True,MOST ELABORATE CIPHER IN COLLECTION. 5 alphabet rows. Full syllabary (Ab-Vb). Gemine. 8+ nulls. 35+ FW entries spanning: Et/in/non/con/se/per/pro/pre/che/perche/Ilperche/plaqualcosa/Pertanto/Siche/come/qn/qrunche/Licet/quis/Honorstate/Attento/Consyderato/Maxime/Presertim/Precipue/Certamente/certo/principalmente/Sumamente/Vnde/ben/Mal. ALSO verb forms: a/qui/qua/questo/quelli/quett/qtf/preterea/cioe/Molto/Dic/fac/far/Faceste/ho/ha/haver/hauesse/parl/ragion/pare/pareste/scriue/scrip/Lece/hebb. Plus honorifics. Nomenclator 70+ entries spanning all Italian politics AND cities (Roma/Napoli/Venetia/Fiorenza/Sena/Milano/Ferrara/Bologna/Imola/Faenza/Forli/Cesena/Arimino/Urbino/Pesaro). VMS-RELEVANT: This is the maximum expression of the two-table architecture. Continues onto fo. 79r.
181,2,77r,1485-06-22,1485,Angelo de La Stuffa,3,False,True,True,7,True,11.0,True,65,False,POST-ALBERTI (1485). Duplicate (bb-tt). FWs: Qua/que/perche/che/come/qn/pur/La S.v/La M.foa/Non/Forse. 11 FW entries. Very large nomenclator (65+ entries). Extensive political coverage.
182,2,77v,1485-07-16,1485,R.mo D.A. Hierusalem presbytero Cardinali,3,False,True,False,0,True,10.0,True,40,False,POST-ALBERTI (1485). FWs: Qua/que/qui/pct/che/qn/come/La S.v/La S.foa/La M.foa/Pertanto. Duplicate (bb-tt). 40+ nomenclator entries.
183,2,78r,1485-07-23,1485,[Name missing/illegible],3,False,False,True,7,True,6.0,True,20,False,FWs: Che/come/quando/Perche/Non/Pertanto. 20 nomenclator entries. Moderate cipher.
184,2,80r,1485-12-26,1485,Filippo Sacramorro (Amimmen ducali orator Florentie),3,False,True,True,6,True,8.0,True,35,False,POST-ALBERTI (1485). Milan. Ducal orator to Florence. Duplicate (bb-tt). FWs: Che/Como/Quando/Perche/Si/Non/Pertanto/La S.vra. Nomenclator ~35 entries.
185,3,117r,1483,1483,"Bernardino Imperiali, prefecturo ad Elvetios",3,False,True,True,6,True,5.0,True,38,False,"FWs: Come, Quando, perche, che, pertanto. Nomenclator includes Papa, Re di Franza, Duca da Borgogna, Imperatore, Duca de Austerlech, Suyzari, Venetiani, Thodeschi, Franzosi. Duplicate section includes syllabic ma-mu, fa-fu. 3 alphabet rows + partial 4th."
186,3,118r,17 July 1483,1483,"Vecelino Vicecomitis, castellano Trium",3,False,True,True,7,True,4.0,True,22,False,"FWs: Vra Sig., Sa S.ta, Come, ptanto. Nomenclator: Venetiani, S. Roberto, Papa, Re Ferrando, S. Fiorentini, Duca de Calabria, Duca de Ferrara, Milano, Brescia, Spamo, Piarada."
187,3,118v,10 August 1483,1483,"Guidantonio Arcimboldo, oratore apud Rege Ferdinando",2,False,True,True,4,False,0.0,True,32,False,"Nomenclator: Papa, Re Ferrando, Re da spagna, Zenonesi, Armata, Galee, Nave, Fanti, Denari, Cardenali, Imperatore, Re di Franza, Duca di Borgogna/Savoya/Loreno/Calabria/Ferrara, Sig. Roberto, Marchesi di Mantua/Monferrato, duxe di Genoa, Venetiani, Fiorentini, Senesi, Luchesi, M. Jo. Bentiuolto, Lorenzo di medici, Conte de putiglano, Ursini, Colonnesi."
188,3,119r,7 October 1483,1483,"Antonio de Appiano, apud Carolum Ducem Sabaudiae",3,False,True,True,8,True,8.0,True,42,False,"FWs: Che, quando, come, perche, non, la S.V., La m.sua, la S.sua. Very large nomenclator. Includes Liga, Pace, Tregua, Armata, Campo, Lorenzo di medici, Guerra, Senesi, Luchesi, Suyzeri, Duxe de Genoa, Genovesi. 3 alpha rows with deep homophones. Honorific FWs notable."
189,3,119v,8 November 1483,1483,"Mapheo Bulio Trivuliensi, cancellario",2,False,True,True,4,True,5.0,True,20,False,"FWs: Como, che, quando, La Signoria vostra, Perche. Nomenclator: Papa, Imperatore, Re Ferrando, Re di Franza, Fiorentini, Duca de calabria, Sig. Ludovico, Senesi, Venetiani, Conte Hieronymo, Gentedarme, Armata, Fantarie, S. Roberto, Squadre, Exercito, Duca de Ferrara, Cardinali, Galee, Nave."
190,3,120r,27 September 1484,1484,oratore apud Dominium Venetiarum,2,False,True,True,12,True,5.0,True,30,False,"FWs: che, come, pertanto, V. Signoria, Sua Serenita. Many nulls (12). Three-column nomenclator: Papa through Nave/Galee/fanti, Gentedarme, Denari. Sent to Venice."
191,3,120v,26 September 1484,1484,oratore ad summum pontificem,2,False,True,True,12,True,7.0,True,55,False,"FWs: che, come, perch, pertanto, quando, V. Signoria, sua serenita. Very large nomenclator (3 columns): Papa, Re di Fraza, Cardinale, Collegio de card., S. Pet. in vincula, Vicecancellero, Mons. Ascanio, Colonefi, Ursini, Sauelli, Venetiani, Fiorentini, Senesi, Lucchesi, Genovesi, Fregosi, Duxe di Genoa. Military+diplomatic terms. Sent to Rome."
192,3,121r,[1484],1484,"Scipione Barbavarice, oratore venetiis",2,False,True,True,6,True,5.0,True,22,False,"FWs: che, quando, perche, pertanto, Siche. Nomenclator: La S.de venetia, el Papa, el Collegio, di Cardinali, el Re Ferrando, Li S. Fiorentini, S. Roberto, el Duca de Calabria, Genovesi, Gentedarme, Fantaria, Oratori, Nave, Dinaci, Galee, el Duce de Venecia, el Duce de Genua. Sent to Venice."
193,3,121v,12 December 1484,1484,Scarampo de Scarampis,3,False,True,True,6,True,9.0,True,26,False,"FWs: Como, Perche, quando, pertho, Siche, che, la S.V., qlla S., Littere. 3 alphabet rows with elaborate symbols. Nomenclator: Papa, Re de Franza, S.de Venezia, Duce de Venezia, Duce de Genua, Fiorentini, Re Ferrando, Duca de Calabria, S. Roberto, Duca de Ferrara, Genuesi, Cardinali, Accordio, Nave, Armata, Gentedarme, Fantarie, Galee, Praticha, Guerra, Pace, Oratori, Mons. Ascanio, Vicecancellario."
194,3,122r,20 June 1485,1485,"Ascanio Maria Sforza Visconti, Cardinale",4,False,True,True,10,True,12.0,True,48,False,"FWs: Qua, que, qui, che, per, quando, perche, come, La S.V., la S. del pp., la Re. Maesta. Label says 'Gemine' not 'Duplicate'. 4 alphabet rows - deepest homophonic in batch. Very large nomenclator with syllable-substitution codewords (qui, per, etc). KEY RECIPIENT: Cardinal Ascanio Sforza. Nomenclator includes extensive Italian political figures + geographic names."
195,3,122v,8 September 1485,1485,"Iannefrancesco oliva, ituro Romam (Vigleuam)",3,False,True,True,7,True,7.0,True,24,False,"FWs: Che, cum, quando, perche, vel, si, non. Notable nulls include word-form nulls: 'fac', 'al', 'Casare'. Nomenclator: El Papa, S.de Venecia, Re Ferrando, Baroni, Cardinali, S. Fiorentini, s. Roberto, Genovesi, Duca de Calabria, Gentedarme, Fantaria, Nave, Galee, dinari, Don Federico, Cardinale darragona. Marked 'vacat' in margin."
196,3,123r,7 September 1485,1485,"Iannefrancesco oliva, ituro Romam (Vigleuam)",3,False,True,True,7,True,4.0,True,38,False,"FWs: Che, Come, Quando, perche. 3-column nomenclator. Includes Galdotto da la mirandola, S.de Carpi, Duca de Urbino, el S. prefecto, El s. de Camerino, Genovesi, Card. de Genoa, Card. S. pet. ad vincula, Monsignore Ascanio, Lorenzo de medici, M. Zo. benaiuolo, Cardinali, S. Don Federico. Guerra, Denari, Colonefi, Ursini, Reame, Nave, Galee, Gendarme, Fanci."
197,3,123v,29 October 1485,1485,"Branda Castiglioneo, Neapoli",3,False,True,True,6,True,7.0,True,40,False,"FWs: Como, Cum, Perche, Peroche, Non, Quando, Che. NOTABLE: 'Quicqd positum erit inter hec duo signa II I nihil importabit' - null bracket rule (Latin instruction). Large nomenclator: Papa through Dux de Genoa + Italia, Imperatore, Alamanni, Re de Ungaria, Conte de Montorio. Sent to Naples."
198,3,124r,25 January 1486,1486,"Joanneseraphino, ituro Terraciam",3,False,True,True,6,False,0.0,True,28,False,"Null section labeled 'Nihil importantes' (Latin). Nomenclator: Papa, Cardinali, Card. san pero ad vincula, S. Robertho, Re ferrando, Duca de calabria, Don Federico, Baroni, La S.ria de venetia, El Turcho, Fiorentini, Lorenzo de media, Senesi, Zenoesi, Duce de zenoa, Marchese de Mantoa, Duca de Ferrara, Marchesi de Monferato, Duca de sauoia. Military: Dinari, Guerra, Pace, Tregua, Gentedarme, caualli, Fanni da pede."
199,3,124v,[1486],1486,"Philippino Lauden, Regio scriba",2,False,True,True,5,True,4.0,True,30,True,"**LATIN FW CODES AS NOMENCLATOR VALUES**: El Papa=hinc, El Card.S.petro ad vincula=bene, El Prefecto=precipiebatur, M. Hibleto=a Socrate, El S. Roberto=ut, Fracasso=Adolescentes, El signore Re=In speculo, etc. Uses Latin text fragments as codewords. Italian FWs: che, se, anchora. HIGHLY UNUSUAL: systematic Latin literary quotation as cipher code. The codewords appear to be from a Latin text about beauty/appearance (speciei, Dignitas, vitijs, Formosos, Deformiori)."
200,3,125r,7 March 1486,1486,Joannijacobo Trivulcio,2,False,True,True,7,True,5.0,True,52,True,"FWs: Che, quando, perche, pertanto, Siche. BRACKET NULL RULE: 'Quicquid positum fuerit inter hec duo signa + J nihil importabit.' Uses Latin words as codewords for some entries: El Papa=va, Cardinali=vem, Re Ferrando=Sta, Card.S.petro ad vim=Gitta, etc. Very large nomenclator (52+): political figures + Patrimonio, Citta de castello, Li bahoni, Niccolo vitelli, Thodi, Suyzeri, Gentedarme, Fanti, Dinari, Armata, Galee, Victualie, Stram. FWs also: quando=Got, V.Signia=R, sua m.=L."
201,3,125v,26 August 1486,1486,Joanne Angelo de Talentis,2,False,True,True,7,True,10.0,True,48,False,"FWs: Qua, que, qui, che, perch, quando, come, La Sta sua, La sua Maesta, La vostra Signoria. Large nomenclator: Papa through Fiorenza + El campo, Oratori, El turcho, Subsidio, Sig. Virginio, Sig. Ursini, cavalli, Gente darme, Fanti, Victualie. Military/diplomatic focus."
202,3,126r,15 August 1486,1486,Laurencio Mozanca,4,True,True,True,12,True,5.0,True,32,False,"**FULL SYLLABARY (FC GRID)**: Ab/eb/ib/ob/vb, Ac/ec/ic/oc/vc, Ad/ed/id/od/ud, Af/ef/if/of/uf, Ag/eg/ig/og, AL/eL/iL/oL/uL, Am/em/mm/om/vm, An/en/in/on/im, ap/ep/ip/op/vp, ar/er/ir/or/vr, Da/de/di/do/du, Ma/me/mm/mo/mu, Pa/pe/pi/po/pu. 4 alphabet rows. **BEST VISUAL VMS PARALLEL per Paper 3.** FWs: che, perch, non, come, pertanto. Nomenclator: Papa through Genoa + military. THIS IS THE MOZANCA KEY (fo.92v in earlier numbering = fo.126r here)."
203,3,126v,7 September 1486,1486,Domno Episcopo Comensi,2,False,True,True,8,True,5.0,True,42,False,"FWs: che, perch, como (top section also includes these). Large nomenclator: Papa through Exercito. Includes Sig.Virginio, Sig. Ursini, Venetiam, Armata, Galee, Nave, Dinari, El campo, Oratori, El turcho, Subsidio, Cavalli, Gente darme, Fanti, Victualie, Guerra, Accordio, Tregua, Pace, Prouisione."
204,3,127r,7 September 1486,1486,Guidantomo Arcemboldo,3,False,True,True,8,True,5.0,True,40,False,"FWs: che, quando, perch, como, non. Nomenclator: Papa through Exercito, Principe de Altamura, Principe de Salerno, Li todeschi. Similar structure to #203 (same date)."
205,3,127v,25 September 1486,1486,Francesco Casato,2,False,True,True,8,True,5.0,True,40,False,"FWs: Quando, Perche, como, non, che. Also: Cum R. Nomenclator includes Dondossula, Chiauenna, Valtellina, Bellmzona (Swiss/Alpine locations), Mado Bianca, Privilegij, Ducati, Mille, Conto (monetary). El papa through Re de Hispania. Note added: 'instaurata cu eodem ituro in Germaniam die 8 Maij 1491'."
206,3,128r,10 January 1487,1487,Philippo de Comite,3,False,True,True,8,True,5.0,True,36,False,"FWs: che, como, perch, quando, non. Duplicate section includes fa/fe/fi/fo/fu (syllabic). Nomenclator: Papa through Li ultramontani/li Todeschi. Includes Frate Augustino da Lecce. La sua S./m./Signoria/vra S."
207,3,128v,10 January 1487 (renewed 20 January 1492),1487,Jo. Stephano Castellioneo,3,False,True,True,8,True,5.0,True,35,False,"FWs: quando, che, como, perche, non. Renewed 5 years later. Nomenclator: Papa through Quelli ex S.ri. Includes La S. de venetia, O Sig. Roberto, Li baroni, Exercito, Li todeschi, La vostra Ex.tia."
208,3,129r,25 August 1486 (renewed 17 April 1491; in Germaniam 25 October 1497),1486,Erasmo Brascha,4,False,True,True,10,True,12.0,True,85,False,"**MASSIVE KEY - renewed 3x spanning 11 years (1486-1497)**. 4 alpha rows. FWs include: che, como, quando, perche, pero, questo, quello, iato, mezo. Gemine section. ENORMOUS nomenclator (85+): Papa, La S. de H.S., Re de meliorra/portogallo/franza, Duca de Britagna, Imperatore, Re di Romani, Gente darme, Exercito, Re de Hungaria/Pollana/Boemia, Venetiani, Duca de Austria/Bauiera, Alamam, Guerra through Duchessa di Britannia. Also includes abstract concepts: bono animo, bona voluntea, iracundia, perturbatione, S. Roberto. Many French entries (Mons. de S. Malo, Duca de Bourbon, etc). LONGEST KEY IN BATCH."
209,3,129v,25 April 1487,1487,Mapheo Trivuliensi,2,True,True,True,5,True,5.0,True,18,True,"**FULL SYLLABARY**: Ba-Bu, Ca-Cu, bi-b+, Da-Du, Ma-Mu, Fa-Fu, ga-gu, La-Lu, na-nu, pa-pu, sa-su, ta-tu, Ra-Ru, qua/que/qui/quo. Latin FWs: quod, quia, quicquid/quemadmodum, semper, Belli, itaque. Nomenclator uses Latin titles: Papa, Cardmales, Archieps, Episcopus, Collegium cardinalium, Illmus Dux, Rex Francie, Rex hungarie, Illmus D. Joannes Corvinus, Illmus D. Lud. Dux Bari, Illma D. Blanca soror nostra. NOTABLE: Latin language key for Hungarian diplomatic context."
210,3,130r,29 July 1487,1487,Episcopo Derthonen(si),3,False,True,True,7,True,4.0,True,40,False,"FWs: quando, como, perche, non. Alpha rows explicitly numbered 2/3/4 (implying row 1 = plaintext). Nomenclator: Papa through El cardmale de S.Petro in vincula = S. Large standard diplomatic set."
211,3,130v,11 September 1487,1487,Baptista Sfondrato,2,False,True,True,8,True,6.0,True,48,False,"FWs: Quando, perche, como, non, che + additional at bottom. Duplicate letters mapped to a-l (alphabetic). Nomenclator: Papa through Principe de capua + Card.sancti Petri ad vincula, M.co Laur., M. Zo. Bentivolio. Includes El Pontano. Large military set: Armata through Provifione."
212,3,131r,27 October 1487,1487,Joannepetro Suardo,2,False,True,True,7,True,4.0,True,30,False,"FWs: Quando, como, perche, non. Nomenclator focused on GENOA: Fregosi, Adorni, Freschi, Spinuli, Grimaldi + Cardinale de Genoa, La Speza, Savona, Castelleto, S. Francesco, Cittadella. Also Papa through Venetiam, El S. Ludovico, Questi Antiani."
213,3,131v,25 February 1488,1488,"Jo. Francisco oliva (with Guidantonio Arcemboldo), ad Regem Hungariae",4,False,True,True,15,True,7.0,True,45,False,"FWs: che, perche, come, quando, pertanto, nientedimancho, quantunche. 4 alpha rows. CENTRAL EUROPEAN nomenclator: Papa, Cardinale, Cardinali, Vescovo Caradmo, Arcivescovo, Prothonotario, Imperatore, Electori, Duca de Austria, Maxmiano Re de Ro., Conte Palatino, Duca de Saxonia, Duca de Banera, Marchese de Bandenburg, Arcivescovo de Colonia/Maganza/Treuire, Re de Franza/spagna/Inghilterra, Re de Napoli/hungaria/poloma/Dana/Boema, Duca Zo. Corvino, Baroni, Signori. HUNGARIAN MISSION key."
214,3,132r,[1488],1488,Comiti Antonio Balbiano,2,False,True,True,5,True,7.0,True,16,False,"FWs: Perche, qualche, che, quando, non, nientedimancho, giurera, pertanto. Relatively small nomenclator: Papa, Re Ferrando, Venetiani, Fiorentini, Re de Unganza, Genovesi, Senesi, Dinari, Gentedarme, Fanti, Galee, Armata. Also Corali, Imperatore, Sua Sig., Re di Franza, Re di Spagna, Praticha."
215,3,132v,5 May 1489,1489,"Augustino de Lonati Saonensi, moram trahens Venetiis",2,False,True,True,6,True,7.0,True,35,False,"FWs: a, che, come, quando, perche, bre, Siche. LIGURIAN FOCUS: D. Augustino adorno, D. Joanne Adorno, D. Obietto dal fiesco, D. Jo. Aluysio dal fiesco, Dorij, Spinoli, Fregosi, Adorni, S.de monacho, Monacho, Mentone, Vintimilia, Rochabruna, Turbia, Riviera de ponete, Genoa, Riviera de Levante, Saona, Valle de venetia, Porto de Villafrancha. Sent to Savona resident in Venice."
216,3,133r,3 November 1489,1489,"Francesco Pagnano, profecturo in Britanniam",2,False,True,True,10,True,5.0,True,42,False,"FWs: quando, como, perche, non + additional. Sent to BRITTANY. Large international nomenclator: Re de Franza/spagna/hungaria/Napoli/Romani/Inghilterra, Venetiam, Genovesi, Fiorentini, Todeschi, Bertagnia, Inghilterra, Duca de Lorenna. Military: Dinari, Fanti, Armata, Galee, Nave, Subsidio, Provifione, El Turcho, El Soldano, Franza, EL campo, Bertoni, Duca de Savoya."
217,3,133v,4 December 1489,1489,"Antonio Stanghi, profecturo Neapolim",2,False,True,True,8,True,7.0,True,48,False,"FWs: quando, perche, non, che, como, quantunche + additional. Sent to NAPLES. Large nomenclator: Papa through Lo Illmo S. Ludomco. Includes Roma, Ferrara, Mantua, Milano, Venetia, Genua. M.co Lorenzo, M. Zoanne Bentiuolio, El pontano, Niena di mano, Tregua."
218,3,134v-135r,"[undated, c.1489-1490]",1489,Thadeo Vicomercato,2,True,True,True,6,True,5.0,True,35,False,"**FULL SYLLABARY**: ba-bu, ca-cu, da-du (2 pages), fa-fu, ga-gu, La-Lu, ma-mu, na-nu, pa-pu, qua/que/qui/quo, va-vu, sa-su, ta-tu. FWs: che, Perche, como, unde, quando. Nomenclator: Papa, Re di franza, Imperatore, Maximiliano, Re de hungaria, Re Ferrando, Duca Calabria, S di venetia, S fiorentini, Duca de ferrara, Marchese Mantua/Monferra, Duca di Savoia, S. Galeoto mirandula, S. Antoniomaria mirandula, S. da Carpi, me Fran. Sicco, S. Jo. Fr. Gonzaga. Dinari, Galee, Nave, Grupo. SPANS 2 FOLIOS."
219,3,135v-136r,"[undated, c.1489-1490]",1489,Christophoro Buillan,2,True,True,True,10,True,12.0,True,72,False,"**FULL SYLLABARY + MASSIVE NOMENCLATOR**. FWs: che, Como, Quando, Perche, Peroche, Pero, Chella, questo, quello, Mezo, Accordo + more. FRENCH DIPLOMATIC CONTEXT: Admiralio de Savoia, Marchese de Saluzio, Marchese de Monsferra, el conte de S.Martino, el duca di orlens, Mons. de cordex, Mons. de miolans, Marchese de rotolino, El cancellere de francia, Seneschalco de carcassona, Mons. de serua, M. Ameu, Mons. de la chiambra, Turino, Vercelli, Mons. de Amboim. Also emotional/abstract: Bonoanimo, Bona voluntà, Male disposta, Iracundia, Perturbatione. SPANS 2 FOLIOS. One of the largest keys."
220,3,136v-137r,"[undated, c.1489-1490]",1489,Carlo Belzoioso,4,True,True,True,8,True,12.0,True,78,False,"**FULL SYLLABARY + 4 ALPHA ROWS + MASSIVE NOMENCLATOR**. FWs: Che, Como, Quando, Perche, Pero, Questo, Quello, Tutto, Lui, Noi. VERY SIMILAR to Buillan key (same diplomatic context). Nomenclator includes French entries: Duchessa de Savoia, M. Ant. Maria, Marchese de Monsferra, Admiralio de Savoia, etc. Also: Armata, Nave, Galee, Subsidio, Presidio, Cura, Si, Non, Tempo, Stato de savoia. Emotional: Bonoanimo, Bona voluntà, Iracundia, Perturbatione. Honorifics: La imperial M.ta, La r. M.ta, La vna M.ta, La vna S. SPANS 2 FOLIOS."
221,3,137v,"[undated, c.1489-1490]",1489,Herasmo Trivultio / Jo. Dominico Mediabarba (duplicate),2,False,True,True,6,True,9.0,True,16,False,"FWs: Perche, qualche, che, quando, non, nientedemeno, quantunche, ptanto, epero. SHARED KEY between two correspondents (noted 'Duplicat cu D. Jo. Dominico mediabarba'). Nulls are syllabic: ba,bi,bo,bu,da,di,do,du. Relatively small nomenclator: Papa, Re ferando, Venetiani, Fiorentini, Marchese de Mantua, Genovesi, Senesi, Bolognesi, Vra Excellentia, Questo S. Duca, questa Madama, Dinari, Gentedarme, Fanti, Galee, Armata."
222,3,138v,"[undated, c.1490-1492]",1490,Mapheo Trivuliensi (2nd key),3,False,True,True,12,True,6.0,True,30,True,"Latin FWs/nomenclator entries: quod, propter quod, quoniam, Nihil, Non, Sicut. HUNGARIAN CONTEXT: Lo Jauriense, Lo Varadino, Lo Vayuoda, Chienes paulo, Zagabria, Duca de Milano, Sig. Ludovico, Lo Duca Joanne, Lo Cinque chiese, Vra Maesta, La Regina, La S.sua R.ma, Exercitus, Lo Conte Stephano, La Illma Madona Bianca. Includes numerical entries: Ducenta Milia, Ducenta quaginta milia, Trecenta milia, Centoquadranta milia, Amicus, Auxilium, Fedus. Nulls include y, gl, Rf, H, h, f, 3. Second Trivuliensi key for Hungarian mission."
223,3,139v-140r,ultimo May 1494,1494,Stephano Taberna,4,True,True,True,7,True,20.0,True,95,True,"**ENORMOUS KEY - one of the largest in entire codex**. 4 alpha rows with very deep homophony. Full syllabary implied by depth. FWs include Italian (perche, che, quando, como, si, non, haueo inteso, haueo scripto, Sono auisato) + Latin (ludit, meret, comp, excitu). MASSIVE nomenclator (95+): complete Italian political landscape + military + geographic + abstract. Includes rare entries: Obsidione, Expugnatione, Bombarde, Artellarie, Tractato, Mandato, Hominidarmi, Grotta Ferrata, Matrimonio. Cities: Neapoli, Milano, Fiorenza, Venetia, Romagna, Bologna, Sarzana, Lunegiana. SPANS 2 FOLIOS."
224,3,140v-141r,ultimo May 1494,1494,Carlo Vicecomite (Cardinale),4,True,True,True,12,True,18.0,True,90,True,"**ANOTHER ENORMOUS KEY** (same date as Taberna). 4 alpha rows with deep syllabic encoding. FWs: Como, Quando, Quanto, Si, Se, Non, Perche, che, Et, Siche, Et pero, Scrivo, quando, quod, quid. MASSIVE nomenclator matching Taberna in scope. Includes: Francesi, Ambassadori Francesi, Mons. de S. Malo, Duca de Orlens/Burbon, Governatore di Burgos, M. de Bossalia, El Gran Scudero, M. de Cotino, M. de Boucharo. Also Senegalia, Senogalia. Military: Armata through Pagamento. SPANS 2 FOLIOS."
225,3,141v-142r,11 June 1494,1494,Guidantonio Archiepiscopus Mediolanensis (=Baptista Sfondrato duplicate),4,True,True,True,5,True,15.0,True,80,True,"**SHARED KEY** ('Data est in simili for D. Baptiste Sfondrato'). 4 alpha rows. FWs include Latin: Benche, Nientedimeno, perche. Very large nomenclator: El Re Alphonso, Duca de Calabria, Don Federico/Jofre, S. Virginio/Julio Ursino, Conte de Putiglano, S. Fabricio/Prospero Colonna, ms. Jo. Jacobo Trivulcio, ms. Franco Secco, S. de Piombino/Camerino/Urbino, Duca de Ferrara, Marchese di Mantua. Re de Franza/Romani/Hispania/Hungaria/Ingelterra. Forauscan, Senesi, Luchesi, Bolognesi. SPANS 2 FOLIOS."
