ncomp,threshold,nunits,max_unit,frac_components_12,frac_units_12,n_units_gt2,unit_sizes,cx,cy,thr,binary_n,dot_n,loop_n,cast_score_best_mapping,cast_score_natural_dot_single
53,0.9438733333333317,20,28,0.3584905660377358,0.9,2,28;6;2;1;1;1;1;1;1;1;1;1;1;1;1;1;1;1;1;1,900,382,150,45,43,2,,
52,12.884128888888867,2,44,0.0,0.0,2,44;8,900,382,155,48,42,6,,
52,0.7010542222222251,28,15,0.5192307692307693,0.8928571428571429,3,4;15;2;6;2;1;1;1;1;1;1;1;1;1;1;1;1;1;1;1;1;1;1;1;1;1;1;1,900,382,160,50,40,10,,
52,1.9867819444444477,11,36,0.23076923076923078,0.8181818181818182,2,36;4;2;1;1;2;1;1;1;1;2,900,386,150,45,42,3,,
51,12.794670833333353,2,43,0.0,0.0,2,43;8,900,386,155,48,41,7,,
57,0.7639038888888915,26,24,0.47368421052631576,0.9230769230769231,2,24;2;6;2;1;1;1;1;1;1;1;1;1;1;1;1;1;1;1;1;1;1;1;1;1;2,900,386,160,55,45,10,,
63,1.854839999999998,12,36,0.23809523809523808,0.75,3,36;9;2;2;2;1;3;2;1;1;2;2,900,390,150,56,54,2,,
61,15.066427999999984,2,51,0.0,0.0,2,51;10,900,390,155,57,51,6,,
68,0.9174987499999987,24,35,0.35294117647058826,0.875,3,35;6;2;1;3;1;1;1;1;1;1;1;1;1;1;2;1;1;1;1;2;1;1;1,900,390,160,67,57,10,10.0,14.0
56,0.9663127777777785,20,25,0.3392857142857143,0.85,3,6;25;6;2;1;1;1;1;1;1;1;1;1;1;1;1;1;1;1;2,903,382,150,51,48,3,,
51,12.99515111111112,2,43,0.0,0.0,2,43;8,903,382,155,48,42,6,,
55,0.7327618055555528,27,15,0.4909090909090909,0.8888888888888888,3,7;15;2;6;2;1;1;1;1;1;1;1;1;1;1;1;1;1;1;1;1;1;1;1;1;1;2,903,382,160,53,43,10,,
60,1.1760027777777748,18,34,0.2833333333333333,0.8333333333333334,3,34;6;2;1;2;1;1;1;1;1;1;1;1;1;1;1;1;3,903,386,150,52,50,2,,
59,12.933441666666633,2,50,0.0,0.0,2,50;9,903,386,155,54,49,5,,
64,0.8939515277777779,25,32,0.359375,0.88,3,32;6;2;1;1;1;1;1;1;1;1;1;1;1;1;1;1;1;1;1;1;1;1;1;3,903,386,160,61,52,9,9.0,13.0
59,1.074420000000001,20,21,0.288135593220339,0.8,4,12;21;6;2;1;1;1;1;1;1;1;1;1;1;1;1;1;1;1;3,903,390,150,53,51,2,,
59,12.688570000000011,2,50,0.0,0.0,2,50;9,903,390,155,55,50,5,,
66,0.8753850000000049,25,34,0.3484848484848485,0.88,3,34;6;2;1;1;1;1;1;1;1;1;1;1;1;1;1;1;1;1;1;1;1;1;1;3,903,390,160,63,54,9,9.0,13.0
57,1.0962466666666677,21,31,0.3508771929824561,0.9047619047619048,2,31;6;2;1;1;1;1;1;1;1;1;1;1;1;1;1;1;1;1;1;1,906,382,150,50,48,2,,
57,13.133271666666678,2,48,0.0,0.0,2,48;9,906,382,155,53,47,6,,
62,0.7536902777777739,29,15,0.5,0.896551724137931,3,1;2;10;15;2;6;2;1;1;1;1;1;1;1;1;1;1;1;1;1;1;1;1;1;1;1;1;2;2,906,382,160,59,50,9,,
64,1.1433422222222227,18,38,0.265625,0.8333333333333334,3,38;6;2;1;2;1;1;1;1;1;1;1;1;1;1;1;1;3,906,386,150,59,56,3,,
60,12.966746666666673,2,51,0.0,0.0,2,51;9,906,386,155,57,51,6,,
66,0.8948022222222214,27,17,0.3484848484848485,0.8148148148148148,5,4;13;17;6;2;1;1;1;1;1;1;1;1;1;1;1;1;1;1;1;1;1;1;1;1;1;3,906,386,160,65,55,10,10.0,14.0
64,1.16487,18,38,0.265625,0.8333333333333334,3,38;6;2;1;2;1;1;1;1;1;1;1;1;1;1;1;1;3,906,390,150,58,55,3,,
61,12.888390000000001,2,52,0.0,0.0,2,52;9,906,390,155,57,51,6,,
68,0.8943999999999935,25,36,0.3382352941176471,0.88,3,36;6;2;1;1;1;1;1;1;1;1;1;1;1;1;1;1;1;1;1;1;1;1;1;3,906,390,160,67,57,10,10.0,14.0
