cx,cy,thr,depth,ncomp,cut1_deg,cut2_deg,cost
900,382,150,8,54,237.5,278.5,442.73142113415986
900,382,150,10,54,237.5,278.5,442.73142113415986
900,382,150,12,54,237.5,278.5,442.73142113415986
900,382,155,8,53,237.5,278.5,449.8172175582377
900,382,155,10,53,237.5,278.5,449.8172175582377
900,382,155,12,53,237.5,278.5,449.8172175582377
900,382,160,8,53,237.5,278.5,514.9708583921213
900,382,160,10,53,237.5,278.5,514.9708583921213
900,382,160,12,53,237.5,278.5,514.9708583921213
900,386,150,8,53,234.5,277.5,494.7805640204628
900,386,150,10,53,234.5,277.5,494.7805640204628
900,386,150,12,53,234.5,277.5,494.7805640204628
900,386,155,8,52,234.5,277.5,509.59632529265923
900,386,155,10,52,234.5,277.5,509.59632529265923
900,386,155,12,52,234.5,277.5,509.59632529265923
900,386,160,8,58,234.5,275.5,536.8920285571352
900,386,160,10,58,234.5,275.5,536.8920285571352
900,386,160,12,58,234.5,275.5,536.8920285571352
900,390,150,8,63,269.5,277.5,442.4201726728927
900,390,150,10,63,269.5,277.5,442.4201726728927
900,390,150,12,63,269.5,277.5,442.4201726728927
900,390,155,8,61,269.5,277.5,473.81172877169973
900,390,155,10,61,269.5,277.5,473.81172877169973
900,390,155,12,61,269.5,277.5,473.81172877169973
900,390,160,8,68,243.5,277.5,517.4304400097483
900,390,160,10,68,243.5,277.5,517.4304400097483
900,390,160,12,68,243.5,277.5,517.4304400097483
903,382,150,8,57,234.5,277.5,435.98870152992026
903,382,150,10,57,234.5,277.5,435.98870152992026
903,382,150,12,57,234.5,277.5,435.98870152992026
903,382,155,8,52,235.5,277.5,487.15327804167435
903,382,155,10,52,235.5,277.5,487.15327804167435
903,382,155,12,52,235.5,277.5,487.15327804167435
903,382,160,8,56,234.5,277.5,528.3486721834057
903,382,160,10,56,234.5,277.5,528.3486721834057
903,382,160,12,56,234.5,277.5,528.3486721834057
903,386,150,8,60,266.5,279.5,474.9301132822848
903,386,150,10,60,266.5,279.5,474.9301132822848
903,386,150,12,60,266.5,279.5,474.9301132822848
903,386,155,8,59,266.5,277.5,488.1275338459546
903,386,155,10,59,266.5,277.5,488.1275338459546
903,386,155,12,59,266.5,277.5,488.1275338459546
903,386,160,8,64,243.5,277.5,524.1839952787016
903,386,160,10,64,243.5,277.5,524.1839952787016
903,386,160,12,64,243.5,277.5,524.1839952787016
903,390,150,8,59,266.5,277.5,448.40074539456134
903,390,150,10,59,266.5,277.5,448.40074539456134
903,390,150,12,59,266.5,277.5,448.40074539456134
903,390,155,8,59,266.5,277.5,475.9835922030521
903,390,155,10,59,266.5,277.5,475.9835922030521
903,390,155,12,59,266.5,277.5,475.9835922030521
903,390,160,8,66,241.5,277.5,506.3780216951608
903,390,160,10,66,241.5,277.5,506.3780216951608
903,390,160,12,66,241.5,277.5,506.3780216951608
906,382,150,8,58,234.5,276.5,459.5731268615573
906,382,150,10,58,234.5,276.5,459.5731268615573
906,382,150,12,58,234.5,276.5,459.5731268615573
906,382,155,8,58,234.5,276.5,498.56238740093875
906,382,155,10,58,234.5,276.5,498.56238740093875
906,382,155,12,58,234.5,276.5,498.56238740093875
906,382,160,8,63,234.5,276.5,528.071015074823
906,382,160,10,63,234.5,276.5,528.071015074823
906,382,160,12,63,234.5,276.5,528.071015074823
906,386,150,8,64,264.5,276.5,438.19535199703927
906,386,150,10,64,264.5,276.5,438.19535199703927
906,386,150,12,64,264.5,276.5,438.19535199703927
906,386,155,8,60,264.5,276.5,446.72442024838233
906,386,155,10,60,264.5,276.5,446.72442024838233
906,386,155,12,60,264.5,276.5,446.72442024838233
906,386,160,8,66,240.5,276.5,497.6600591518587
906,386,160,10,66,240.5,276.5,497.6600591518587
906,386,160,12,66,240.5,276.5,497.6600591518587
906,390,150,8,64,264.5,276.5,435.2706450615115
906,390,150,10,64,264.5,276.5,435.2706450615115
906,390,150,12,64,264.5,276.5,435.2706450615115
906,390,155,8,61,264.5,276.5,446.2340665385327
906,390,155,10,61,264.5,276.5,446.2340665385327
906,390,155,12,61,264.5,276.5,446.2340665385327
906,390,160,8,68,239.5,276.5,499.0072853225866
906,390,160,10,68,239.5,276.5,499.0072853225866
906,390,160,12,68,239.5,276.5,499.0072853225866
