name,n_radii,best_radius,n_binary,loops,maxrun,p_raw,p_annulus_bonf,p_global14_bonf,f70like_annuli
f57v,47,518.0,311,5,2,0.063272,1.0,1.0,0
f67r_L,35,376.5,300,3,2,0.020000,0.699984,1.0,0
f67r_R,40,338.0,429,8,3,0.00181664,0.0726655,1.0,0
f67v,38,179.0,264,3,2,0.022727,0.863611,1.0,0
f68r,30,339.5,346,2,2,0.0057971,0.173913,1.0,0
f68v_L,31,247.0,147,2,2,0.013699,0.424658,1.0,0
f68v_M,24,222.5,167,9,2,0.366133,1.0,1.0,0
f68v_R,24,174.5,163,4,2,0.072700,1.0,1.0,0
f69r,40,298.0,352,2,2,0.005698,0.227920,1.0,0
f70r_L,24,259.0,89,6,3,0.0151209,0.362902,1.0,0
f70r1,24,251.0,104,10,6,0.0000138057,0.000331338,0.00463873,3
f70r_R,24,91.0,72,0,0,1.0,1.0,1.0,0
f70v_partA,58,347.5,353,3,3,0.0000485625,0.00281663,0.0394328,0
f70v_partB,52,305.25,373,4,2,0.0319977,1.0,1.0,0
