id,angle_deg,r,w,h,area,class
65,228.93,248.8,6,3,10,DOT
66,230.14761904761906,248.33333333333334,8,4,21,DOT
67,231.48461538461538,249.46153846153845,6,4,13,DOT
69,236.075,248.75,3,2,4,DOT
70,236.57777777777778,248.44444444444446,4,4,9,DOT
71,238.15,248.0,2,1,2,DOT
72,232.72142857142856,250.07142857142858,6,3,14,DOT
73,234.0,251.0,5,3,13,DOT
74,235.19444444444446,251.38888888888889,7,4,18,DOT
75,235.78,250.6,3,2,5,DOT
76,237.05,250.0,2,1,2,DOT
77,237.4913043478261,253.26086956521738,9,6,23,AMBIG
78,237.83333333333334,249.66666666666666,2,2,3,DOT
79,238.86935483870968,254.1290322580645,17,10,62,GLYPH
80,236.45882352941177,252.88235294117646,7,4,17,DOT
81,238.2,251.0,1,1,1,DOT
82,228.6,254.5,3,2,4,DOT
83,240.3625,255.75,8,4,16,DOT
84,242.8781512605042,255.81512605042016,34,7,119,GLYPH
85,245.7906976744186,257.27906976744185,14,6,43,LOOP
86,247.6325581395349,257.51162790697674,17,6,43,LOOP
87,249.6153846153846,258.8269230769231,17,6,52,LOOP
88,251.63220338983052,258.7457627118644,16,6,59,LOOP
89,234.35,257.0,2,1,2,DOT
90,253.57021276595745,258.95744680851067,15,5,47,LOOP
91,255.15660377358492,259.92452830188677,17,6,53,LOOP
92,256.9255319148936,260.1914893617021,14,6,47,LOOP
93,258.58846153846156,261.13461538461536,15,7,52,LOOP
94,260.55555555555554,260.31111111111113,14,6,45,LOOP
95,262.23396226415093,261.49056603773585,15,8,53,LOOP
96,271.84375,258.9375,7,3,16,DOT
97,273.55,259.0,6,3,12,DOT
98,229.1,259.0,1,1,1,DOT
99,239.8,260.0,1,1,1,DOT
100,263.62307692307695,261.3076923076923,7,3,13,DOT
101,264.5,261.0,7,3,15,DOT
102,265.7142857142857,260.92857142857144,5,3,14,DOT
103,267.15,261.0,6,3,14,DOT
104,268.02941176470586,261.47058823529414,7,4,17,DOT
105,270.575,261.0,4,5,16,DOT
106,272.68333333333334,259.8333333333333,6,3,12,DOT
107,274.45,260.0,2,1,2,DOT
108,275.4142857142857,260.07142857142856,5,3,14,DOT
109,276.27777777777777,260.22222222222223,5,3,9,DOT
110,238.85,261.0,2,1,2,DOT
111,239.475,261.75,3,2,4,DOT
112,271.7782608695652,263.7826086956522,11,5,23,AMBIG
113,278.22222222222223,262.55555555555554,5,2,9,DOT
114,282.42727272727274,262.8181818181818,5,3,11,DOT
115,283.8545454545455,262.90909090909093,6,3,11,DOT
116,274.8,263.0,3,1,3,DOT
117,280.75,263.0,2,1,2,DOT
118,286.175,264.0,4,3,8,DOT
119,287.95,263.0,2,1,2,DOT
120,291.6333333333333,264.3333333333333,4,3,6,DOT
121,293.54545454545456,265.8181818181818,7,3,11,DOT
122,297.3857142857143,266.57142857142856,5,2,7,DOT
123,304.3,267.0,5,3,9,DOT
124,306.56666666666666,267.1666666666667,8,3,12,DOT
125,308.6,266.0,3,1,3,DOT
126,316.86,266.4,4,2,5,DOT
127,319.8571428571429,265.85714285714283,6,2,7,DOT
128,322.56,265.6,4,2,5,DOT
129,326.65,266.625,6,2,8,DOT
130,329.125,266.125,5,3,8,DOT
131,331.6272727272727,265.45454545454544,6,2,11,DOT
132,334.35,265.5,4,2,6,DOT
133,336.6583333333333,265.4166666666667,7,2,12,DOT
134,338.9714285714286,265.57142857142856,4,2,7,DOT
135,299.65,267.0,2,1,2,DOT
136,301.75,267.0,4,1,4,DOT
137,313.425,267.25,3,2,4,DOT
138,324.45,267.0,2,1,2,DOT
139,337.7833333333333,268.6666666666667,5,2,6,DOT
