family,group,y,logistic,forest,ensemble
language_or_substitution,gabc:siglum,0,0.8064224014773687,0.34170351501586754,0.5740629582466181
language_or_substitution,"gabc:P-BRad 15, 026",0,0.00815398133122198,0.001048368953880765,0.0046011751425513725
language_or_substitution,"gabc:P-G C 1152, Av",0,0.0016084236904882593,0.0,0.0008042118452441297
language_or_substitution,"gabc:P-BRad Pastas 081, Ar",0,0.00031440466560593886,0.0,0.00015720233280296943
language_or_substitution,"gabc:P-BRad Pastas 081, Ar",0,0.0008654095801464137,0.003434321439960254,0.0021498655100533337
language_or_substitution,"gabc:P-BRs Ms. 032, 113v",0,0.0011140603474776385,0.0023600341709383477,0.001737047259207993
language_or_substitution,"gabc:P-BRs Ms. 028, 18r",0,0.0004902472074490594,0.0,0.0002451236037245297
language_or_substitution,"gabc:P-BRs Ms. 028, 18r",0,0.0004902472074490594,0.0,0.0002451236037245297
language_or_substitution,"gabc:P-BRs Ms. 032, 301r",0,0.00015423944871462042,0.0,7.711972435731021e-05
language_or_substitution,"gabc:P-BRad Pastas 015, 023",0,0.001280460782726893,0.0,0.0006402303913634465
language_or_substitution,"gabc:P-BRad 15, 026",0,0.00815398133122198,0.001048368953880765,0.0046011751425513725
language_or_substitution,"gabc:P-BRs Ms. 034, 344",0,0.001675982306779443,0.008712675583084325,0.005194328944931884
language_or_substitution,"gabc:P-G C 1152, Av",0,0.002341793071882537,0.0,0.0011708965359412684
language_or_substitution,"gabc:P-G N 328, Av",0,9.932538217500122e-05,0.02077948194332413,0.010439403662749565
language_or_substitution,"gabc:P-BRs Ms. 028, 94r",0,0.0021372653966163654,0.0,0.0010686326983081827
language_or_substitution,"gabc:P-BRs Ms. 034, 123",0,0.0007280166964719837,0.0,0.00036400834823599183
language_or_substitution,"gabc:P-BRad Pastas 081, Ar",0,0.0008654095801464137,0.003434321439960254,0.0021498655100533337
language_or_substitution,"gabc:P-G N 328, Av",0,0.006052125677933047,0.0050059841503032,0.0055290549141181235
language_or_substitution,"gabc:P-BRs Ms. 032, 116r",0,0.00017321396131150332,0.02077948194332413,0.010476347952317817
language_or_substitution,"gabc:P-BRs Ms. 028, 105v",0,0.002058977373840001,0.0,0.0010294886869200005
language_or_substitution,"gabc:P-BRs Ms. 034, 023",0,0.0015050159647910042,0.0,0.0007525079823955021
language_or_substitution,gabc:siglum,0,0.10229156931198836,0.16484193216454643,0.1335667507382674
language_or_substitution,"gabc:P-G N 328, Av",0,0.0030327935996897143,0.03204857774637711,0.01754068567303341
language_or_substitution,"gabc:P-BRs Ms. 032, 301r",0,7.949590132251857e-05,0.0,3.9747950661259285e-05
language_or_substitution,"gabc:P-BRs Ms. 034, 083",0,0.0008861838998491973,0.0,0.0004430919499245987
language_or_substitution,gabc:siglum,0,0.008816746487929239,0.08565421066981603,0.047235478578872635
language_or_substitution,"gabc:P-BRad Pastas 051, 157v",0,0.001579575181750975,0.0,0.0007897875908754874
language_or_substitution,"gabc:P-BRs Ms. 034, 083",0,0.00046847579307777396,0.0007103658536585367,0.0005894208233681553
language_or_substitution,"gabc:P-G C 1152, Av",0,0.002341793071882537,0.0,0.0011708965359412684
language_or_substitution,"gabc:P-BRs Ms. 028, 94r",0,0.0014350135119279963,0.0,0.0007175067559639981
language_or_substitution,"gabc:P-BRad Pastas 081, Ar",0,0.00031440466560593886,0.0,0.00015720233280296943
language_or_substitution,"gabc:P-BRad Pastas 015, 023",0,0.001280460782726893,0.0,0.0006402303913634465
language_or_substitution,"gabc:P-BRam Nº 010 Códices, Ar",0,0.00018525301331742087,0.0,9.262650665871043e-05
language_or_substitution,"gabc:P-BRs Ms. 028, 94r",0,0.0021372653966163654,0.0,0.0010686326983081827
language_or_substitution,"gabc:P-BRs Ms. 034, 344",0,0.001675982306779443,0.008712675583084325,0.005194328944931884
language_or_substitution,"gabc:P-BRs Ms. 032, 116v",0,0.003296969001055539,0.0,0.0016484845005277696
language_or_substitution,"gabc:P-BRs Ms. 028, 18r",0,0.0026340955107575746,0.00020284174424301814,0.0014184686275002963
language_or_substitution,"gabc:P-BRam Nº 010 Códices, Ar",0,0.00018525301331742087,0.0,9.262650665871043e-05
language_or_substitution,"gabc:P-BRs Ms. 032, 301r",0,0.0006977169690261356,0.0,0.0003488584845130678
language_or_substitution,"gabc:P-BRad 23, Bv",0,0.008638593213244079,0.002258640385022654,0.005448616799133366
language_or_substitution,"gabc:P-BRad Pastas 081, Ar",0,0.001412709943636088,0.0,0.000706354971818044
language_or_substitution,gabc:siglum,0,0.10756350884838523,0.21728020389337582,0.16242185637088052
language_or_substitution,"gabc:P-BRs Ms. 032, 114r",0,0.0002832560405066974,0.00029889807162534435,0.0002910770560660209
language_or_substitution,"gabc:P-BRam Nº 010 Códices, Ar",0,0.0006691343511165648,0.0003653044203502919,0.0005172193857334283
language_or_substitution,"gabc:P-BRs Ms. 032, 301r",0,0.00015423944871462042,0.0,7.711972435731021e-05
language_or_substitution,"gabc:P-BRs Ms. 034, 023",0,0.0013017580541853895,0.0,0.0006508790270926948
language_or_substitution,"gabc:P-BRs Ms. 034, 027",0,0.02338214545630279,0.004464869405036726,0.013923507430669758
language_or_substitution,"gabc:P-BRs Ms. 034, 278",0,0.0022444949714602257,0.0,0.0011222474857301129
language_or_substitution,"gabc:P-BRad 15, 026",0,0.04602680347427652,0.007909353219181268,0.026968078346728895
language_or_substitution,"gabc:P-BRs Ms. 032, 114r",0,0.0018705515233553116,0.0,0.0009352757616776558
language_or_substitution,"gabc:P-BRad 15, 026",0,0.04602680347427652,0.007909353219181268,0.026968078346728895
language_or_substitution,"gabc:P-BRs Ms. 034, 278",0,0.0016493035190365503,0.0,0.0008246517595182751
language_or_substitution,"gabc:P-BRs Ms. 032, 116v",0,0.0016270491736340448,0.0,0.0008135245868170224
language_or_substitution,"gabc:P-BRs Ms. 034, 083",0,0.00046847579307777396,0.0007103658536585367,0.0005894208233681553
language_or_substitution,"gabc:P-BRs Ms. 028, 18r",0,0.0012328753214765917,0.0,0.0006164376607382958
language_or_substitution,gabc:siglum,0,0.019452696001250918,0.0030694646615129152,0.011261080331381916
language_or_substitution,gabc:siglum,0,0.10229156931198836,0.16484193216454643,0.1335667507382674
language_or_substitution,"gabc:P-BRad Pastas 081, Ar",0,0.003200475716434752,0.0008742004264392324,0.0020373380714369923
language_or_substitution,"gabc:P-BRs Ms. 028, 105v",0,0.002058977373840001,0.0,0.0010294886869200005
language_or_substitution,"gabc:P-BRs Ms. 034, 123",0,0.0007280166964719837,0.0,0.00036400834823599183
language_or_substitution,"gabc:P-BRad Pastas 077, Ar",0,0.0004287020117976212,0.0,0.0002143510058988106
language_or_substitution,"gabc:P-BRad Pastas 244, Ar",0,0.0006690597587044237,0.03190724581713968,0.016288152787922054
language_or_substitution,"gabc:P-BRad Pastas 244, Ar",0,0.001026770565769125,0.002,0.0015133852828845625
language_or_substitution,"gabc:P-BRs Ms. 032, 306r",0,0.0016688100135172344,0.021047976513175894,0.011358393263346565
language_or_substitution,"gabc:P-BRs Ms. 032, 116r",0,9.932538217500122e-05,0.02077948194332413,0.010439403662749565
language_or_substitution,"gabc:P-BRs Ms. 032, 301r",0,0.0006977169690261356,0.0,0.0003488584845130678
language_or_substitution,"gabc:P-BRs Ms. 028, 18r",0,0.0021248839758872887,0.0,0.0010624419879436443
language_or_substitution,"gabc:P-BRs Ms. 028, 18r",0,0.0021248839758872887,0.0,0.0010624419879436443
language_or_substitution,"gabc:P-BRad Pastas 051, 157v",0,0.00022151328970244162,0.0,0.00011075664485122081
language_or_substitution,"gabc:P-BRad Pastas 077, Ar",0,0.0004287020117976212,0.0,0.0002143510058988106
language_or_substitution,"gabc:P-BRs Ms. 034, 344",0,9.552869583669923e-05,0.002,0.0010477643479183496
language_or_substitution,"gabc:P-BRs Ms. 032, 116r",0,0.00017321396131150332,0.02077948194332413,0.010476347952317817
language_or_substitution,"gabc:P-BRad Pastas 081, Ar",0,0.003200475716434752,0.0008742004264392324,0.0020373380714369923
language_or_substitution,"gabc:P-BRs Ms. 034, 278",0,0.000295174268172613,0.0,0.0001475871340863065
language_or_substitution,"gabc:P-BRs Ms. 032, 113v",0,0.0011140603474776385,0.0023600341709383477,0.001737047259207993
language_or_substitution,gabc:siglum,0,0.19148681094843206,0.20119099548967748,0.19633890321905478
language_or_substitution,"gabc:P-BRs Ms. 032, 116v",0,0.0016270491736340448,0.0,0.0008135245868170224
language_or_substitution,"gabc:P-G N 328, Av",0,9.932538217500122e-05,0.02077948194332413,0.010439403662749565
language_or_substitution,"gabc:P-BRs Ms. 034, 344",0,9.552869583669923e-05,0.002,0.0010477643479183496
language_or_substitution,"gabc:P-BRad 23, Bv",0,0.0021376451197149026,0.0009962313016441977,0.0015669382106795501
language_or_substitution,"gabc:P-BRs Ms. 034, 123",0,0.0018322225975631044,0.0014415149612889723,0.0016368687794260383
language_or_substitution,"gabc:P-G C 1152, Av",0,0.0016084236904882593,0.0,0.0008042118452441297
language_or_substitution,"gabc:P-BRad Pastas 077, Ar",0,0.0016964776154300787,0.020536445474085976,0.011116461544758028
language_or_substitution,"gabc:P-BRad 23, Bv",0,0.008638593213244079,0.002258640385022654,0.005448616799133366
language_or_substitution,"gabc:P-BRs Ms. 032, 113v",0,0.002509782309955969,0.001197860962566845,0.0018538216362614071
language_or_substitution,"gabc:P-BRs Ms. 034, 278",0,0.0008177668673045528,0.0,0.0004088834336522764
language_or_substitution,"gabc:P-BRad Pastas 015, 023",0,0.0011254454411052553,0.0,0.0005627227205526276
language_or_substitution,"gabc:P-BRad Pastas 081, Ar",0,0.001412709943636088,0.0,0.000706354971818044
language_or_substitution,"gabc:P-BRam Nº 010 Códices, Ar",0,0.0006691343511165648,0.0003653044203502919,0.0005172193857334283
language_or_substitution,gabc:siglum,0,0.19148681094843206,0.20119099548967748,0.19633890321905478
language_or_substitution,"gabc:P-BRad Pastas 244, Ar",0,0.0006690597587044237,0.03190724581713968,0.016288152787922054
language_or_substitution,"gabc:P-BRs Ms. 032, 306r",0,0.0010998143695377972,0.03910848204429929,0.020104148206918547
language_or_substitution,"gabc:P-BRs Ms. 032, 113v",0,0.002509782309955969,0.001197860962566845,0.0018538216362614071
language_or_substitution,"gabc:P-BRs Ms. 034, 123",0,0.0018322225975631044,0.0014415149612889723,0.0016368687794260383
language_or_substitution,"gabc:P-G N 328, Av",0,0.006052125677933047,0.0050059841503032,0.0055290549141181235
language_or_substitution,"gabc:P-BRs Ms. 028, 105v",0,0.0009592601033607677,0.0,0.00047963005168038386
language_or_substitution,"gabc:P-BRs Ms. 032, 114r",0,0.0018705515233553116,0.0,0.0009352757616776558
language_or_substitution,"gabc:P-BRad Pastas 051, 157v",0,0.001579575181750975,0.0,0.0007897875908754874
language_or_substitution,"gabc:P-BRs Ms. 032, 306r",0,0.0010998143695377972,0.03910848204429929,0.020104148206918547
language_or_substitution,"gabc:P-BRs Ms. 034, 027",0,0.02338214545630279,0.004464869405036726,0.013923507430669758
language_or_substitution,"gabc:P-BRs Ms. 028, 105v",0,0.0022506246523052165,0.0,0.0011253123261526082
language_or_substitution,"gabc:P-BRs Ms. 032, 306r",0,0.0016688100135172344,0.021047976513175894,0.011358393263346565
language_or_substitution,"gabc:P-BRs Ms. 028, 105v",0,0.0006249283546599123,0.0,0.00031246417732995615
language_or_substitution,"gabc:P-BRs Ms. 034, 027",0,0.003983143246870996,0.0002569399612653325,0.002120041604068164
language_or_substitution,"gabc:P-BRad Pastas 015, 023",0,0.0011254454411052553,0.0,0.0005627227205526276
language_or_substitution,"gabc:P-BRad 23, Bv",0,0.0021376451197149026,0.0009962313016441977,0.0015669382106795501
language_or_substitution,"gabc:P-G N 328, Av",0,0.0010351943000029113,0.0030059841503031997,0.0020205892251530556
language_or_substitution,"gabc:P-BRs Ms. 034, 023",0,0.0015050159647910042,0.0,0.0007525079823955021
language_or_substitution,"gabc:P-BRs Ms. 034, 278",0,0.0016493035190365503,0.0,0.0008246517595182751
language_or_substitution,"gabc:P-BRs Ms. 034, 278",0,0.0008177668673045528,0.0,0.0004088834336522764
language_or_substitution,"gabc:P-BRs Ms. 034, 344",0,0.0010983826465695253,0.0026861557292598725,0.0018922691879146988
language_or_substitution,gabc:siglum,0,0.10756350884838523,0.21728020389337582,0.16242185637088052
language_or_substitution,"gabc:P-BRs Ms. 028, 105v",0,0.0009592601033607677,0.0,0.00047963005168038386
language_or_substitution,"gabc:P-BRad Pastas 077, Ar",0,0.0016964776154300787,0.020536445474085976,0.011116461544758028
language_or_substitution,"gabc:P-BRs Ms. 034, 278",0,0.000295174268172613,0.0,0.0001475871340863065
language_or_substitution,"gabc:P-BRs Ms. 032, 116r",0,9.932538217500122e-05,0.02077948194332413,0.010439403662749565
language_or_substitution,gabc:siglum,0,0.8064224014773687,0.34170351501586754,0.5740629582466181
language_or_substitution,"gabc:P-BRs Ms. 032, 114r",0,0.0002832560405066974,0.00029889807162534435,0.0002910770560660209
language_or_substitution,"gabc:P-G N 328, Av",0,0.0010351943000029113,0.0030059841503031997,0.0020205892251530556
language_or_substitution,"gabc:P-BRs Ms. 032, 301r",0,7.949590132251857e-05,0.0,3.9747950661259285e-05
language_or_substitution,"gabc:P-BRs Ms. 032, 116v",0,0.003296969001055539,0.0,0.0016484845005277696
language_or_substitution,"gabc:P-BRs Ms. 034, 344",0,0.0010983826465695253,0.0026861557292598725,0.0018922691879146988
language_or_substitution,"gabc:P-BRs Ms. 028, 105v",0,0.0022506246523052165,0.0,0.0011253123261526082
language_or_substitution,"gabc:P-BRad Pastas 244, Ar",0,0.001026770565769125,0.002,0.0015133852828845625
language_or_substitution,"gabc:P-G N 328, Av",0,0.0030327935996897143,0.03204857774637711,0.01754068567303341
language_or_substitution,"gabc:P-BRam Nº 010 Códices, Ar",0,0.0001604726055899772,0.00029889807162534435,0.00022968533860766077
language_or_substitution,"gabc:P-BRs Ms. 034, 278",0,0.0022444949714602257,0.0,0.0011222474857301129
language_or_substitution,"gabc:P-BRs Ms. 034, 023",0,0.0013017580541853895,0.0,0.0006508790270926948
language_or_substitution,"gabc:P-BRs Ms. 028, 94r",0,0.0014350135119279963,0.0,0.0007175067559639981
language_or_substitution,"gabc:P-BRs Ms. 028, 18r",0,0.0026340955107575746,0.00020284174424301814,0.0014184686275002963
language_or_substitution,"gabc:P-BRam Nº 010 Códices, Ar",0,0.0001604726055899772,0.00029889807162534435,0.00022968533860766077
language_or_substitution,gabc:siglum,0,0.019452696001250918,0.0030694646615129152,0.011261080331381916
language_or_substitution,"gabc:P-BRs Ms. 028, 105v",0,0.0006249283546599123,0.0,0.00031246417732995615
language_or_substitution,"gabc:P-BRs Ms. 034, 083",0,0.0008861838998491973,0.0,0.0004430919499245987
language_or_substitution,"gabc:P-BRad Pastas 051, 157v",0,0.00022151328970244162,0.0,0.00011075664485122081
language_or_substitution,"gabc:P-BRs Ms. 028, 18r",0,0.0012328753214765917,0.0,0.0006164376607382958
language_or_substitution,"gabc:P-BRs Ms. 034, 027",0,0.003983143246870996,0.0002569399612653325,0.002120041604068164
language_or_substitution,gabc:siglum,0,0.008816746487929239,0.08565421066981603,0.047235478578872635
neume_aquitanian,"gabc:P-G C 1152, Av",1,0.7283005958728163,0.6684335269182369,0.6983670613955266
neume_aquitanian,"gabc:P-BRad 15, 026",1,0.975111817462221,0.7995177875063207,0.8873148024842709
neume_aquitanian,"gabc:P-BRad Pastas 051, 157v",1,0.9316696718380424,0.6527421025572662,0.7922058871976543
neume_aquitanian,"gabc:P-BRad 23, Bv",1,0.8009004861252639,0.5804113305321528,0.6906559083287083
neume_aquitanian,"gabc:P-G N 328, Av",1,0.9335982760768625,0.6515549738416818,0.7925766249592722
neume_aquitanian,"gabc:P-BRam Nº 010 Códices, Ar",1,0.1409462628818931,0.09900756713743318,0.11997691500966315
neume_aquitanian,"gabc:P-BRad Pastas 081, Ar",1,0.9432014093689259,0.7391329105929078,0.8411671599809168
neume_aquitanian,"gabc:P-BRad Pastas 081, Ar",1,0.21304002309932338,0.3954166780342556,0.3042283505667895
neume_aquitanian,"gabc:P-G N 328, Av",1,0.5515190841907932,0.6287944982932285,0.5901567912420109
neume_aquitanian,"gabc:P-BRam Nº 010 Códices, Ar",1,0.5366648288481254,0.41213877548314326,0.4744018021656343
neume_aquitanian,"gabc:P-BRad Pastas 081, Ar",1,0.45220648124049934,0.6419828559914819,0.5470946686159905
neume_aquitanian,"gabc:P-G N 328, Av",1,0.9862192525017889,0.7048924477543564,0.8455558501280727
neume_aquitanian,"gabc:P-BRad 23, Bv",1,0.7075477880671031,0.5794389423799415,0.6434933652235223
neume_aquitanian,"gabc:P-BRad 15, 026",1,0.9945930512119062,0.8695394237473403,0.9320662374796232
neume_aquitanian,"gabc:P-BRad Pastas 051, 157v",1,0.9411789185000486,0.6492313862819974,0.7952051523910231
neume_aquitanian,"gabc:P-BRad Pastas 244, Ar",1,0.9979131912161401,0.7083889058722745,0.8531510485442073
neume_aquitanian,"gabc:P-BRad Pastas 015, 023",1,0.789277606325931,0.6413635384459353,0.7153205723859332
neume_aquitanian,"gabc:P-BRam Nº 010 Códices, Ar",1,0.2195202122035117,0.3213587694078243,0.270439490805668
neume_aquitanian,"gabc:P-G N 328, Av",1,0.8669462237863212,0.6579510781118992,0.7624486509491102
neume_aquitanian,"gabc:P-BRad Pastas 244, Ar",1,0.9959088930071339,0.6808454785375132,0.8383771857723236
neume_aquitanian,"gabc:P-G C 1152, Av",1,0.8574450822801981,0.7131788451315585,0.7853119637058783
neume_aquitanian,"gabc:P-BRad Pastas 077, Ar",1,0.8690849043839464,0.7725108528233473,0.8207978786036468
neume_aquitanian,"gabc:P-BRad Pastas 081, Ar",1,0.43790799296751604,0.3375454397945529,0.3877267163810345
neume_aquitanian,"gabc:P-BRad Pastas 015, 023",1,0.8450194970768894,0.7069727421450821,0.7759961196109857
neume_aquitanian,"gabc:P-BRad Pastas 077, Ar",1,0.09793431915522255,0.4619151400616102,0.2799247296084164
neume_square,"gabc:P-BRs Ms. 028, 105v",1,0.9084685439174671,0.9019479010105454,0.9052082224640063
neume_square,"gabc:P-BRs Ms. 028, 105v",1,0.9358456815278345,0.6760745237923413,0.805960102660088
neume_square,"gabc:P-BRs Ms. 028, 18r",1,0.974976825804275,0.7799464048029506,0.8774616153036128
neume_square,"gabc:P-BRs Ms. 034, 278",1,0.9579433245024062,0.933357671931863,0.9456504982171345
neume_square,"gabc:P-BRs Ms. 034, 278",1,0.9821761653946198,0.9514040253927971,0.9667900953937085
neume_square,"gabc:P-BRs Ms. 032, 114r",1,0.47292698782028825,0.4248413002947574,0.44888414405752286
neume_square,"gabc:P-BRs Ms. 034, 344",1,0.9997394736386471,0.9000657080484258,0.9499025908435365
neume_square,"gabc:P-BRs Ms. 034, 123",1,0.8153186691901299,0.6309855948306234,0.7231521320103766
neume_square,"gabc:P-BRs Ms. 032, 301r",1,0.5917821136715921,0.3899104984669521,0.49084630606927204
neume_square,"gabc:P-BRs Ms. 028, 94r",1,0.7091456735151348,0.4862065990998022,0.5976761363074685
neume_square,"gabc:P-BRs Ms. 032, 116v",1,0.9845208842778193,0.5573191586467503,0.7709200214622848
neume_square,"gabc:P-BRs Ms. 032, 301r",1,0.05692905950405222,0.33323100520286597,0.1950800323534591
neume_square,"gabc:P-BRs Ms. 034, 278",1,0.8535060270094376,0.8727160213086713,0.8631110241590545
neume_square,"gabc:P-BRs Ms. 034, 027",1,0.8207938491818869,0.5480131271490463,0.6844034881654666
neume_square,"gabc:P-BRs Ms. 032, 301r",1,0.8002959864488712,0.7851163320085245,0.7927061592286979
neume_square,"gabc:P-BRs Ms. 032, 116r",1,0.9016490019713844,0.49253199340178794,0.6970904976865862
neume_square,"gabc:P-BRs Ms. 034, 344",1,0.9966330081611182,0.6356680022036689,0.8161505051823936
neume_square,"gabc:P-BRs Ms. 028, 18r",1,0.9266063223629285,0.9479213451468697,0.9372638337548991
neume_square,"gabc:P-BRs Ms. 034, 023",1,0.7620059930198821,0.6757805318754025,0.7188932624476423
neume_square,"gabc:P-BRs Ms. 032, 114r",1,0.4906738236634572,0.232815965660443,0.3617448946619501
neume_square,"gabc:P-BRs Ms. 034, 083",1,0.9828085103895744,0.904886690754182,0.9438476005718782
neume_square,"gabc:P-BRs Ms. 032, 113v",1,0.9964619684821708,0.7347472591304222,0.8656046138062965
neume_square,"gabc:P-BRs Ms. 032, 306r",1,0.9934597735432795,0.7650676143775063,0.8792636939603928
neume_square,"gabc:P-BRs Ms. 034, 278",1,0.9802410168410668,0.7440752865706195,0.8621581517058432
neume_square,"gabc:P-BRs Ms. 034, 083",1,0.9960664453975746,0.6794059565131692,0.8377362009553719
neume_square,"gabc:P-BRs Ms. 034, 344",1,0.7488936452926747,0.8163215769105505,0.7826076111016126
neume_square,"gabc:P-BRs Ms. 028, 18r",1,0.9830083124042808,0.9730850403027519,0.9780466763535163
neume_square,"gabc:P-BRs Ms. 028, 105v",1,0.8508894521497348,0.7427357814463018,0.7968126167980183
neume_square,"gabc:P-BRs Ms. 028, 105v",1,0.9848339441320456,0.9696656098550993,0.9772497769935724
neume_square,"gabc:P-BRs Ms. 032, 306r",1,0.9791944720075971,0.7797239908664226,0.8794592314370099
neume_square,"gabc:P-BRs Ms. 028, 18r",1,0.9280058783491377,0.8650350339991031,0.8965204561741205
neume_square,"gabc:P-BRs Ms. 032, 116v",1,0.9859804130693228,0.7448533442352808,0.8654168786523018
neume_square,"gabc:P-BRs Ms. 034, 023",1,0.7408806106794437,0.7923290297856824,0.766604820232563
neume_square,"gabc:P-BRs Ms. 034, 123",1,0.9669506504084312,0.7389106412827022,0.8529306458455668
neume_square,"gabc:P-BRs Ms. 032, 116r",1,0.8991688239598652,0.45295618108683194,0.6760625025233485
neume_square,"gabc:P-BRs Ms. 032, 113v",1,0.9919522216153053,0.6587111228867324,0.8253316722510189
neume_square,"gabc:P-BRs Ms. 034, 027",1,0.44544072301308035,0.20372655464728825,0.3245836388301843
neume_square,"gabc:P-BRs Ms. 028, 94r",1,0.9157418689930413,0.8147964103710965,0.8652691396820689
organ_tablature,ammerbach_bookA,1,0.9999920956729975,0.9997774343122102,0.9998847649926039
organ_tablature,ammerbach_bookA,1,0.9999428127586187,1.0,0.9999714063793094
organ_tablature,ammerbach_bookB,1,0.9999999228052738,1.0,0.9999999614026369
organ_tablature,ammerbach_bookA,1,0.999999899041615,1.0,0.9999999495208075
organ_tablature,ammerbach_bookB,1,0.9999998906027834,0.995402336125563,0.9977011133641731
organ_tablature,ammerbach_bookB,1,0.9999997894589027,1.0,0.9999998947294513
organ_tablature,ammerbach_bookA,1,0.9999978330579157,0.9195654017510628,0.9597816174044893
organ_tablature,ammerbach_bookA,1,0.9999999945680884,0.9585821314696761,0.9792910630188822
organ_tablature,ammerbach_bookB,1,0.9999994162333732,0.9997729393468119,0.9998861777900925
organ_tablature,ammerbach_bookB,1,0.9999915856196463,0.9991408114558472,0.9995661985377468
organ_tablature,ammerbach_bookB,1,0.999998475105402,0.9998471010774757,0.9999227880914388
organ_tablature,ammerbach_bookA,1,0.9999928659688949,0.9704018027924106,0.9851973343806528
organ_tablature,ammerbach_bookB,1,0.999999969238066,0.9907904397783218,0.995395204508194
organ_tablature,ammerbach_bookB,1,0.9999970728403011,1.0,0.9999985364201506
organ_tablature,ammerbach_bookB,1,0.999998045753702,0.9958204645327083,0.9979092551432052
organ_tablature,ammerbach_bookA,1,0.9999992298143913,0.9800305798327488,0.99001490482357
organ_tablature,ammerbach_bookB,1,0.9999999712440976,0.9936699684065841,0.9968349698253408
organ_tablature,ammerbach_bookA,1,0.9999995100194592,0.986713509459992,0.9933565097397257
organ_tablature,ammerbach_bookB,1,0.9999919589376081,0.9986451612903225,0.9993185601139654
organ_tablature,ammerbach_bookB,1,0.9999997035029771,0.9983601591042621,0.9991799313036196
organ_tablature,ammerbach_bookA,1,0.9999995821860264,1.0,0.9999997910930132
organ_tablature,ammerbach_bookB,1,0.9999999766494342,0.9629684494238988,0.9814842130366666
organ_tablature,ammerbach_bookA,1,0.9999999050757856,1.0,0.9999999525378929
organ_tablature,ammerbach_bookA,1,0.9999002480046153,0.9914561270767147,0.9956781875406651
organ_tablature,ammerbach_bookB,1,0.9999986250701989,0.9935419576039776,0.9967702913370882
organ_tablature,ammerbach_bookB,1,0.9999975853087376,0.9830541279962809,0.9915258566525093
organ_tablature,ammerbach_bookB,1,0.9999990055516671,0.9991408114558472,0.9995699085037572
organ_tablature,ammerbach_bookB,1,0.9999995258794957,0.983992749406165,0.9919961376428303
organ_tablature,ammerbach_bookA,1,0.9999367600431056,0.9590376765984996,0.9794872183208025
organ_tablature,ammerbach_bookA,1,0.9999998437738526,1.0,0.9999999218869263
organ_tablature,ammerbach_bookB,1,0.9999991638494928,0.9972233194458461,0.9986112416476695
organ_tablature,ammerbach_bookA,1,0.9999999847256926,0.9987481251555889,0.9993740549406407
organ_tablature,ammerbach_bookA,1,0.999998022941898,0.9928521139685924,0.9964250684552451
organ_tablature,ammerbach_bookA,1,0.9978812836681858,0.8167769092189041,0.907329096443545
organ_tablature,ammerbach_bookA,1,0.9999999784011546,0.9962028106010429,0.9981013945010988
organ_tablature,ammerbach_bookA,1,0.999674725337305,0.9723125074945721,0.9859936164159385
organ_tablature,ammerbach_bookB,1,0.9999980682365024,0.9955607424705133,0.9977794053535078
organ_tablature,ammerbach_bookA,1,0.999999052039503,1.0,0.9999995260197515
organ_tablature,ammerbach_bookB,1,0.9999507268414543,0.9810049012049726,0.9904778140232134
organ_tablature,ammerbach_bookA,1,0.9999958361784609,0.9960930943201806,0.9980444652493208
organ_tablature,ammerbach_bookB,1,0.999998743624446,1.0,0.999999371812223
organ_tablature,ammerbach_bookA,1,0.9999999892388808,1.0,0.9999999946194404
organ_tablature,ammerbach_bookA,1,0.9999995123448926,1.0,0.9999997561724463
organ_tablature,ammerbach_bookB,1,0.9999999196444074,0.9990629153807711,0.9995314175125892
organ_tablature,ammerbach_bookA,1,0.9999999541492314,1.0,0.9999999770746157
organ_tablature,ammerbach_bookB,1,0.999990486385934,0.9749059469498251,0.9874482166678795
organ_tablature,ammerbach_bookA,1,0.999986580415408,1.0,0.999993290207704
organ_tablature,ammerbach_bookB,1,0.9999999547613241,0.9926535468088121,0.9963267507850682
organ_tablature,ammerbach_bookB,1,0.9999985391687203,0.9958216318785579,0.9979100855236391
organ_tablature,ammerbach_bookB,1,0.9999999947883966,1.0,0.9999999973941983
organ_tablature,ammerbach_bookB,1,0.9999996697532478,0.9978525748590502,0.998926122306149
organ_tablature,ammerbach_bookA,1,0.9999963356269777,0.9939046648508555,0.9969505002389165
organ_tablature,ammerbach_bookB,1,0.9999992970239117,0.9996610978520286,0.9998301974379702
organ_tablature,ammerbach_bookA,1,0.9999999956116712,1.0,0.9999999978058356
organ_tablature,ammerbach_bookA,1,0.9999881199338675,0.9991015697692341,0.9995448448515508
organ_tablature,ammerbach_bookB,1,0.9999905217907543,0.9730280230320772,0.9865092724114157
organ_tablature,ammerbach_bookB,1,0.9999910045015572,0.9950750405443954,0.9975330225229764
organ_tablature,ammerbach_bookA,1,0.9999998479590988,0.9950947493998556,0.9975472986794772
organ_tablature,ammerbach_bookA,1,0.9999987892351101,0.9864612066263442,0.9932299979307271
organ_tablature,ammerbach_bookA,1,0.9999996126882872,1.0,0.9999998063441435
organ_tablature,ammerbach_bookA,1,0.9999999653072765,0.9938993572880201,0.9969496612976483
organ_tablature,ammerbach_bookA,1,0.999999997860969,0.9860474086777704,0.9930237032693697
organ_tablature,ammerbach_bookA,1,0.999997790146226,0.9995774647887324,0.9997876274674793
organ_tablature,ammerbach_bookA,1,0.9999986362081138,0.9950681382819041,0.997533387245009
organ_tablature,ammerbach_bookA,1,0.9999918585919486,0.9986002290537555,0.999296043822852
organ_tablature,ammerbach_bookA,1,0.9999363389695457,0.9813063485422181,0.990621343755882
organ_tablature,ammerbach_bookB,1,0.9999999943967883,0.9989640395504186,0.9994820169736034
organ_tablature,ammerbach_bookA,1,0.9999899111961821,0.9956440233560486,0.9978169672761154
organ_tablature,ammerbach_bookA,1,0.9999820345775096,0.9925937396615064,0.996287887119508
organ_tablature,ammerbach_bookB,1,0.9999989176384161,0.9950750405443954,0.9975369790914057
organ_tablature,ammerbach_bookA,1,0.9999997826161751,0.9620716024826725,0.9810356925494238
organ_tablature,ammerbach_bookA,1,0.9996140498696933,0.9991410706758466,0.9993775602727699
organ_tablature,ammerbach_bookB,1,0.9999998618215722,1.0,0.9999999309107861
organ_tablature,ammerbach_bookB,1,0.9999999531492163,0.9990418715683934,0.9995209123588049
organ_tablature,ammerbach_bookB,1,0.9999895880622903,0.9949652620496059,0.9974774250559482
organ_tablature,ammerbach_bookA,1,0.9999803805629159,0.9992658227848101,0.999623101673863
organ_tablature,ammerbach_bookB,1,0.9999999995240558,0.9691523805863624,0.9845761900552091
organ_tablature,ammerbach_bookA,1,0.9999961341778315,0.9539245303779931,0.9769603322779123
organ_tablature,ammerbach_bookA,1,0.9999538967369744,0.8874966716656051,0.9437252842012898
organ_tablature,ammerbach_bookA,1,0.9999999896789108,0.9919875180884193,0.9959937538836651
organ_tablature,ammerbach_bookB,1,0.9999999410495889,0.9995774647887324,0.9997887029191607
organ_tablature,ammerbach_bookB,1,0.9999937418825704,0.9992042370567356,0.999598989469653
organ_tablature,ammerbach_bookA,1,0.9999998570184314,0.9899875180884193,0.9949936875534253
organ_tablature,ammerbach_bookB,1,0.9999999953765568,0.9983432761763571,0.999171635776457
organ_tablature,ammerbach_bookB,1,0.9999999990666872,0.970017925218329,0.9850089621425081
organ_tablature,ammerbach_bookA,1,0.9999990687732373,0.9964588678740594,0.9982289683236483
organ_tablature,ammerbach_bookB,1,0.9999272528228688,0.9938493431648519,0.9968882979938603
organ_tablature,ammerbach_bookB,1,0.9999987567004197,0.9950750405443954,0.9975368986224076
organ_tablature,ammerbach_bookB,1,0.9999994727661532,0.9966408773678963,0.9983201750670248
organ_tablature,ammerbach_bookB,1,0.9999994244163075,0.9923901731114512,0.9961947987638793
organ_tablature,ammerbach_bookA,1,0.9999998339491913,1.0,0.9999999169745957
organ_tablature,ammerbach_bookB,1,0.9999998243415189,0.9539563726992277,0.9769780985203733
organ_tablature,ammerbach_bookB,1,0.9999998922470262,1.0,0.9999999461235132
organ_tablature,ammerbach_bookB,1,0.9999992287655788,0.9997729393468119,0.9998860840561954
organ_tablature,ammerbach_bookA,1,0.9999998893912863,1.0,0.9999999446956431
organ_tablature,ammerbach_bookA,1,0.9999999996295634,0.9477856924930163,0.9738928460612899
organ_tablature,ammerbach_bookA,1,0.9999970478400515,1.0,0.9999985239200258
organ_tablature,ammerbach_bookB,1,0.9999993734433938,0.9916243917815428,0.9958118826124683
organ_tablature,ammerbach_bookB,1,0.9999984396841465,0.9994955642579797,0.999747001971063
organ_tablature,ammerbach_bookA,1,0.9999995594664324,1.0,0.9999997797332162
organ_tablature,ammerbach_bookB,1,0.9999999662438894,1.0,0.9999999831219447
organ_tablature,ammerbach_bookA,1,0.999999983794615,0.9482257028025552,0.974112843298585
organ_tablature,ammerbach_bookA,1,0.999997099132292,0.9986764133205036,0.9993367562263977
organ_tablature,ammerbach_bookB,1,0.9999997899925709,0.9989506903353057,0.9994752401639383
organ_tablature,ammerbach_bookB,1,0.9999997402495473,1.0,0.9999998701247736
organ_tablature,ammerbach_bookA,1,0.9998427457877873,0.9815022637385761,0.9906725047631817
organ_tablature,ammerbach_bookA,1,0.9999996475773182,0.9988005518662575,0.9994000997217878
organ_tablature,ammerbach_bookB,1,0.9999998165525811,0.9730879860366993,0.9865439012946402
organ_tablature,ammerbach_bookA,1,0.9999989265187814,1.0,0.9999994632593907
organ_tablature,ammerbach_bookA,1,0.9999665310199997,0.9671212139329642,0.983543872476482
organ_tablature,ammerbach_bookA,1,0.9999193827945533,0.9260925487256654,0.9630059657601093
organ_tablature,ammerbach_bookA,1,0.99999338176161,0.997477234401349,0.9987353080814796
organ_tablature,ammerbach_bookA,1,0.9999996780036673,1.0,0.9999998390018336
organ_tablature,ammerbach_bookA,1,0.9999503898231131,0.9506667058284249,0.975308547825769
organ_tablature,ammerbach_bookB,1,0.9999999999837117,0.8733966549373258,0.9366983274605187
organ_tablature,ammerbach_bookB,1,0.9999989358568573,0.9974729729729729,0.998735954414915
organ_tablature,ammerbach_bookA,1,0.9999707717779183,1.0,0.9999853858889591
organ_tablature,ammerbach_bookA,1,0.9999877385294507,0.9994601018675722,0.9997239201985114
organ_tablature,ammerbach_bookB,1,0.9999996782150912,0.98676600974599,0.9933828439805406
organ_tablature,ammerbach_bookB,1,0.9999996795548284,1.0,0.9999998397774141
organ_tablature,ammerbach_bookA,1,0.999993075448714,0.9342281967641811,0.9671106361064475
organ_tablature,ammerbach_bookA,1,0.9999954849792281,0.9923375387610701,0.996166511870149
organ_tablature,ammerbach_bookA,1,0.9999995481266223,0.812044504963403,0.9060220265450126
organ_tablature,ammerbach_bookB,1,0.9999977422708929,0.995543856072163,0.9977707991715279
organ_tablature,ammerbach_bookB,1,0.9999999602855418,0.9979790874518855,0.9989895238687136
organ_tablature,ammerbach_bookB,1,0.9999988662887157,0.9792896842486912,0.9896442752687035
organ_tablature,ammerbach_bookB,1,0.9999999383508793,0.991051952336932,0.9955259453439056
organ_tablature,ammerbach_bookA,1,0.9999522863583609,0.994831126910939,0.9973917066346499
organ_tablature,ammerbach_bookB,1,0.9999999790690026,0.9983432761763571,0.9991716276226799
organ_tablature,ammerbach_bookA,1,0.9999570002119552,1.0,0.9999785001059776
organ_tablature,ammerbach_bookB,1,0.9999982774467626,1.0,0.9999991387233813
organ_tablature,ammerbach_bookA,1,0.9999721998970607,0.994831126910939,0.9974016634039998
organ_tablature,ammerbach_bookA,1,0.9999995296884587,1.0,0.9999997648442294
organ_tablature,ammerbach_bookB,1,0.9999999812027641,0.9938432549612818,0.996921618082023
organ_tablature,ammerbach_bookA,1,0.9999562001192579,0.9996792079207921,0.999817704020025
organ_tablature,ammerbach_bookA,1,0.9999823184016051,0.9983984141162733,0.9991903662589392
organ_tablature,ammerbach_bookA,1,0.9999991564202066,1.0,0.9999995782101033
organ_tablature,ammerbach_bookB,1,0.9999999852794792,0.9964602060202928,0.998230095649886
organ_tablature,ammerbach_bookA,1,0.9999996287873086,1.0,0.9999998143936544
organ_tablature,ammerbach_bookB,1,0.9999999221932495,0.9909787464678796,0.9954893343305646
organ_tablature,ammerbach_bookA,1,0.9999578831996342,1.0,0.999978941599817
organ_tablature,ammerbach_bookB,1,0.9999999367115366,0.9896122502622108,0.9948060934868737
organ_tablature,ammerbach_bookB,1,0.9999962097332776,1.0,0.9999981048666389
organ_tablature,ammerbach_bookB,1,0.999999927383522,0.9986451612903225,0.9993225443369222
organ_tablature,ammerbach_bookB,1,0.9999999776119478,0.9983432761763571,0.9991716268941524
organ_tablature,ammerbach_bookB,1,0.9999684585573498,0.9965532039920585,0.9982608312747041
organ_tablature,ammerbach_bookB,1,0.9999983671505869,1.0,0.9999991835752935
organ_tablature,ammerbach_bookA,1,0.9999998583222572,0.9971656596477247,0.9985827589849909
organ_tablature,ammerbach_bookA,1,0.999999960776284,0.8815137883140727,0.9407568745451783
organ_tablature,ammerbach_bookA,1,0.9999989168181713,0.9966789820252278,0.9983389494216995
organ_tablature,ammerbach_bookB,1,0.9999974253005848,1.0,0.9999987126502924
organ_tablature,ammerbach_bookB,1,0.9999999389376841,1.0,0.9999999694688421
organ_tablature,ammerbach_bookB,1,0.9999971746708889,0.980308894756644,0.9901530347137664
organ_tablature,ammerbach_bookA,1,0.9999972849100954,1.0,0.9999986424550478
organ_tablature,ammerbach_bookB,1,0.9999999720773872,0.9943618109647634,0.9971808915210754
organ_tablature,ammerbach_bookA,1,0.9999998674992137,0.9743212144772108,0.9871605409882123
organ_tablature,ammerbach_bookB,1,0.9999966554851384,1.0,0.9999983277425692
organ_tablature,ammerbach_bookB,1,0.9999997520595485,1.0,0.9999998760297742
organ_tablature,ammerbach_bookA,1,0.9999999825159464,1.0,0.9999999912579731
organ_tablature,ammerbach_bookA,1,0.9999942727012995,0.9397371997121068,0.9698657362067031
organ_tablature,ammerbach_bookA,1,0.9999951508337128,0.9964647887673409,0.9982299698005268
organ_tablature,ammerbach_bookA,1,0.9999985530036849,0.9976362263646253,0.9988173896841551
organ_tablature,ammerbach_bookB,1,0.9999947028699343,0.9912832516494627,0.9956389772596985
organ_tablature,ammerbach_bookA,1,0.9999938235062258,0.9959953024457379,0.9979945629759819
organ_tablature,ammerbach_bookB,1,0.9999970749667673,0.9964766963334514,0.9982368856501094
organ_tablature,ammerbach_bookB,1,0.9999983631052494,0.9947144701331024,0.997356416619176
organ_tablature,ammerbach_bookB,1,0.9999998313224006,0.9980421122994652,0.9990209718109329
organ_tablature,ammerbach_bookB,1,0.9999894202886047,0.999144385026738,0.9995669026576713
organ_tablature,ammerbach_bookB,1,0.9999999941658781,0.9883382720698377,0.9941691331178579
organ_tablature,ammerbach_bookB,1,0.99948000594286,0.97318112319882,0.98633056457084
organ_tablature,ammerbach_bookA,1,0.9999996170189468,0.9693918040936911,0.984695710556319
organ_tablature,ammerbach_bookB,1,0.9999996491433659,0.9813915976591399,0.990695623401253
organ_tablature,ammerbach_bookA,1,0.999999806436744,0.8811779973620693,0.9405889018994067
organ_tablature,ammerbach_bookB,1,0.9999989190438795,0.9903970325050216,0.9951979757744506
organ_tablature,ammerbach_bookA,1,0.9999999934770853,0.9752635196457746,0.98763175656143
organ_tablature,ammerbach_bookA,1,0.999999937542117,1.0,0.9999999687710586
organ_tablature,ammerbach_bookB,1,0.9999984234763061,0.9769568627742075,0.9884776431252568
organ_tablature,ammerbach_bookA,1,0.9999998571273174,0.9798161928583182,0.9899080249928178
organ_tablature,ammerbach_bookB,1,0.99999978676072,0.9969987787820606,0.9984992827713903
organ_tablature,ammerbach_bookA,1,0.9999995208489509,0.998,0.9989997604244755
organ_tablature,ammerbach_bookB,1,0.999997644389274,0.9800314039355935,0.9900145241624337
organ_tablature,ammerbach_bookA,1,0.9999405258942177,0.9956646599168791,0.9978025929055484
organ_tablature,ammerbach_bookB,1,0.9999997155689583,0.9947115226430027,0.9973556191059805
organ_tablature,ammerbach_bookA,1,0.9999916089009803,0.9968327140821146,0.9984121614915474
organ_tablature,ammerbach_bookA,1,0.9999870511396609,0.9945444523206652,0.9972657517301631
organ_tablature,ammerbach_bookB,1,0.9999937071626539,0.9996737588652481,0.9998337330139511
organ_tablature,ammerbach_bookA,1,0.9999735237902109,0.9887238057643977,0.9943486647773043
organ_tablature,ammerbach_bookB,1,0.9999991983596024,1.0,0.9999995991798012
organ_tablature,ammerbach_bookB,1,0.9999980445351742,0.9982682653005613,0.9991331549178677
organ_tablature,ammerbach_bookB,1,0.9999873164335338,0.9372617162120447,0.9686245163227892
organ_tablature,ammerbach_bookB,1,0.9999815277557778,0.9994887368388166,0.9997351322972972
organ_tablature,ammerbach_bookA,1,0.9999997272029688,1.0,0.9999998636014844
organ_tablature,ammerbach_bookA,1,0.999991556311677,0.9966568247045274,0.9983241905081022
organ_tablature,ammerbach_bookA,1,0.9999980753023755,0.9901633601990549,0.9950807177507153
organ_tablature,ammerbach_bookA,1,0.9999999996850948,0.9927350872363194,0.9963675434607071
organ_tablature,ammerbach_bookB,1,0.9999999950952592,0.9746320110424278,0.9873160030688435
organ_tablature,ammerbach_bookB,1,0.9999999095727088,0.9933231414526399,0.9966615255126743
organ_tablature,ammerbach_bookB,1,0.9999999650061618,0.9934915847464074,0.9967457748762847
organ_tablature,ammerbach_bookA,1,0.999962626514178,0.9951826438738952,0.9975726351940366
organ_tablature,ammerbach_bookB,1,0.999998783509758,0.9863852815082509,0.9931920325090045
surface_null,gabc:siglum,0,0.0018567415506615186,0.008158679684621924,0.005007710617641721
surface_null,"gabc:P-BRad 15, 026",0,0.023664494983052252,0.10441208891990637,0.06403829195147931
surface_null,"gabc:P-G C 1152, Av",0,0.032440428791839525,0.027173637058417993,0.02980703292512876
surface_null,"gabc:P-BRad Pastas 081, Ar",0,0.007388245604785971,0.2120270416686382,0.10970764363671208
surface_null,"gabc:P-BRad Pastas 081, Ar",0,0.4551803228608409,0.1880550261878853,0.32161767452436313
surface_null,"gabc:P-BRs Ms. 032, 113v",0,0.8032994561986515,0.6711062800424934,0.7372028681205725
surface_null,"gabc:P-BRs Ms. 028, 18r",0,0.05661545748230631,0.016750956557879827,0.03668320702009307
surface_null,"gabc:P-BRs Ms. 028, 18r",0,0.06275501743478283,0.09993999081146347,0.08134750412312315
surface_null,"gabc:P-BRs Ms. 032, 301r",0,0.08030988331395005,0.3144533762826901,0.19738162979832008
surface_null,"gabc:P-BRad Pastas 015, 023",0,0.12904119069493566,0.35750836943776876,0.24327478006635223
surface_null,"gabc:P-BRad 15, 026",0,0.8663524819754868,0.6335679822027456,0.7499602320891161
surface_null,"gabc:P-BRs Ms. 034, 344",0,0.43121378144159556,0.2884365946266491,0.35982518803412233
surface_null,"gabc:P-G C 1152, Av",0,0.01797863514008959,0.02646673534558164,0.022222685242835615
surface_null,"gabc:P-G N 328, Av",0,0.016368873532818174,0.13394663548113003,0.07515775450697411
surface_null,"gabc:P-BRs Ms. 028, 94r",0,0.0036776543839127348,0.04251333861102134,0.02309549649746704
surface_null,"gabc:P-BRs Ms. 034, 123",0,0.16483123418732112,0.11061098082978459,0.13772110750855285
surface_null,"gabc:P-BRad Pastas 081, Ar",0,0.005847967286708476,0.1321462594973485,0.06899711339202849
surface_null,"gabc:P-G N 328, Av",0,0.4660613467603266,0.5821334235365307,0.5240973851484287
surface_null,"gabc:P-BRs Ms. 032, 116r",0,0.32486058996443373,0.21852701513335082,0.2716938025488923
surface_null,"gabc:P-BRs Ms. 028, 105v",0,0.004417674141139976,0.002446985446985447,0.003432329794062712
surface_null,"gabc:P-BRs Ms. 034, 023",0,0.05087745373237604,0.1040662767183873,0.07747186522538166
surface_null,gabc:siglum,0,0.011836184831579057,0.007184690481960914,0.009510437656769986
surface_null,"gabc:P-G N 328, Av",0,0.7086407967621013,0.5499090397434828,0.6292749182527921
surface_null,"gabc:P-BRs Ms. 032, 301r",0,0.01470513196782154,0.2343585197095052,0.12453182583866336
surface_null,"gabc:P-BRs Ms. 034, 083",0,0.20086717760521627,0.22250430734498589,0.21168574247510108
surface_null,gabc:siglum,0,0.046088686053046495,0.05846451351721382,0.05227659978513016
surface_null,"gabc:P-BRad Pastas 051, 157v",0,0.003367640495799154,0.014469912487157104,0.008918776491478129
surface_null,"gabc:P-BRs Ms. 034, 083",0,0.0017194385129580656,0.02736644816435801,0.014542943338658038
surface_null,"gabc:P-G C 1152, Av",0,0.040676007022889094,0.18573894244325326,0.11320747473307118
surface_null,"gabc:P-BRs Ms. 028, 94r",0,0.004620492429278275,0.06427497385206607,0.03444773314067217
surface_null,"gabc:P-BRad Pastas 081, Ar",0,0.033724298057760574,0.22110782547941338,0.12741606176858697
surface_null,"gabc:P-BRad Pastas 015, 023",0,0.008982692677901248,0.022583190072120174,0.01578294137501071
surface_null,"gabc:P-BRam Nº 010 Códices, Ar",0,0.006808825892359242,0.01555216010370925,0.011180492998034246
surface_null,"gabc:P-BRs Ms. 028, 94r",0,0.001231954724964477,0.006184816574614143,0.00370838564978931
surface_null,"gabc:P-BRs Ms. 034, 344",0,0.004352452647016574,0.009021681585467997,0.006687067116242285
surface_null,"gabc:P-BRs Ms. 032, 116v",0,0.03137677924007489,0.11824891507494092,0.07481284715750791
surface_null,"gabc:P-BRs Ms. 028, 18r",0,0.023076837341663263,0.15604204379752198,0.08955944056959263
surface_null,"gabc:P-BRam Nº 010 Códices, Ar",0,0.33616252413572245,0.1789283222868836,0.257545423211303
surface_null,"gabc:P-BRs Ms. 032, 301r",0,0.0020660192262023716,0.019848761933521423,0.010957390579861897
surface_null,"gabc:P-BRad 23, Bv",0,0.0033634139585023686,0.0983613216103454,0.050862367784423886
surface_null,"gabc:P-BRad Pastas 081, Ar",0,0.0033205783326175275,0.15519549067487712,0.07925803450374733
surface_null,gabc:siglum,0,0.0014437588482267964,0.009812756616092506,0.005628257732159651
surface_null,"gabc:P-BRs Ms. 032, 114r",0,0.1356954963719792,0.20565119061465897,0.17067334349331909
surface_null,"gabc:P-BRam Nº 010 Códices, Ar",0,0.005046756183264283,0.029139271231751647,0.017093013707507966
surface_null,"gabc:P-BRs Ms. 032, 301r",0,0.007940448108738318,0.03294196484007898,0.02044120647440865
surface_null,"gabc:P-BRs Ms. 034, 023",0,0.0028518770902093826,0.010905667460112248,0.006878772275160815
surface_null,"gabc:P-BRs Ms. 034, 027",0,0.005271359968549878,0.006270951332897271,0.005771155650723574
surface_null,"gabc:P-BRs Ms. 034, 278",0,0.015484599058071726,0.009988505561087532,0.01273655230957963
surface_null,"gabc:P-BRad 15, 026",0,0.40271147152827896,0.29711161585442475,0.34991154369135186
surface_null,"gabc:P-BRs Ms. 032, 114r",0,0.10917144609564973,0.23522989746395936,0.17220067177980455
surface_null,"gabc:P-BRad 15, 026",0,0.006672304601761294,0.1010430445408839,0.0538576745713226
surface_null,"gabc:P-BRs Ms. 034, 278",0,0.025568298713508596,0.11840723161946064,0.07198776516648461
surface_null,"gabc:P-BRs Ms. 032, 116v",0,0.04265216887452102,0.1946828802638262,0.11866752456917362
surface_null,"gabc:P-BRs Ms. 034, 083",0,0.06201225844298445,0.30222847699988703,0.18212036772143575
surface_null,"gabc:P-BRs Ms. 028, 18r",0,0.05382961245579656,0.015290246947768099,0.03455992970178233
surface_null,gabc:siglum,0,0.0010701188619081242,0.04109804568008968,0.0210840822709989
surface_null,gabc:siglum,0,0.007794883197357014,0.025874734414745595,0.016834808806051305
surface_null,"gabc:P-BRad Pastas 081, Ar",0,0.001953923054317509,0.24389823991892265,0.12292608148662008
surface_null,"gabc:P-BRs Ms. 028, 105v",0,0.005065554104795666,0.10418500671316183,0.05462528040897875
surface_null,"gabc:P-BRs Ms. 034, 123",0,0.03804831996668283,0.17886872353526942,0.10845852175097612
surface_null,"gabc:P-BRad Pastas 077, Ar",0,0.5804391176472836,0.6893958308908259,0.6349174742690548
surface_null,"gabc:P-BRad Pastas 244, Ar",0,0.37554229620081897,0.2592806608743697,0.3174114785375943
surface_null,"gabc:P-BRad Pastas 244, Ar",0,0.19416600960288544,0.23459902346343334,0.21438251653315937
surface_null,"gabc:P-BRs Ms. 032, 306r",0,0.01914502431956507,0.15584636007677297,0.08749569219816902
surface_null,"gabc:P-BRs Ms. 032, 116r",0,0.7106597493564492,0.2485247795195804,0.4795922644380148
surface_null,"gabc:P-BRs Ms. 032, 301r",0,0.018255447755490053,0.3063159007411025,0.16228567424829626
surface_null,"gabc:P-BRs Ms. 028, 18r",0,0.11220881185689233,0.06761429925972919,0.08991155555831076
surface_null,"gabc:P-BRs Ms. 028, 18r",0,0.06492959038761444,0.12599154050100944,0.09546056544431195
surface_null,"gabc:P-BRad Pastas 051, 157v",0,0.022963832532368493,0.07980145661942581,0.051382644575897155
surface_null,"gabc:P-BRad Pastas 077, Ar",0,0.016663690442872903,0.07340638947479347,0.045035039958833185
surface_null,"gabc:P-BRs Ms. 034, 344",0,0.0031412026343505526,0.011256480998490432,0.007198841816420492
surface_null,"gabc:P-BRs Ms. 032, 116r",0,0.14119860815342652,0.22290485472781166,0.1820517314406191
surface_null,"gabc:P-BRad Pastas 081, Ar",0,0.1515777743480006,0.3071860438376033,0.22938190909280193
surface_null,"gabc:P-BRs Ms. 034, 278",0,0.013749018303572466,0.024518216099388753,0.01913361720148061
surface_null,"gabc:P-BRs Ms. 032, 113v",0,0.04142493714358387,0.08340437976000072,0.062414658451792296
surface_null,gabc:siglum,0,0.021022688357261007,0.12463714975045842,0.07282991905385972
surface_null,"gabc:P-BRs Ms. 032, 116v",0,0.2841484445227685,0.5680628177874607,0.4261056311551146
surface_null,"gabc:P-G N 328, Av",0,0.8522106973122293,0.5106692693417814,0.6814399833270053
surface_null,"gabc:P-BRs Ms. 034, 344",0,0.19258779430853776,0.322884609465795,0.2577362018871664
surface_null,"gabc:P-BRad 23, Bv",0,0.004174613502147889,0.020237795085757796,0.012206204293952843
surface_null,"gabc:P-BRs Ms. 034, 123",0,0.014220586455391628,0.12003268019804239,0.067126633326717
surface_null,"gabc:P-G C 1152, Av",0,0.03338507102357057,0.09321258978603149,0.06329883040480103
surface_null,"gabc:P-BRad Pastas 077, Ar",0,0.007653475247283824,0.04889044667075798,0.028271960959020903
surface_null,"gabc:P-BRad 23, Bv",0,0.00032137386279504983,0.038580884102901974,0.019451128982848512
surface_null,"gabc:P-BRs Ms. 032, 113v",0,0.8629148992332729,0.6371204803448192,0.750017689789046
surface_null,"gabc:P-BRs Ms. 034, 278",0,0.003030348537322439,0.002416207732914824,0.0027232781351186315
surface_null,"gabc:P-BRad Pastas 015, 023",0,0.15954704819283855,0.3277107832267883,0.24362891570981343
surface_null,"gabc:P-BRad Pastas 081, Ar",0,0.05531518076164037,0.29761179290953016,0.17646348683558527
surface_null,"gabc:P-BRam Nº 010 Códices, Ar",0,0.2509186025325399,0.23901471398471583,0.24496665825862785
surface_null,gabc:siglum,0,0.00802767154056162,0.027126492554964497,0.017577082047763058
surface_null,"gabc:P-BRad Pastas 244, Ar",0,0.4718514467356892,0.27436059287593334,0.37310601980581126
surface_null,"gabc:P-BRs Ms. 032, 306r",0,0.521862624570267,0.5704087012230455,0.5461356628966563
surface_null,"gabc:P-BRs Ms. 032, 113v",0,0.023281815450858667,0.07738723081206451,0.05033452313146159
surface_null,"gabc:P-BRs Ms. 034, 123",0,0.16373510404350025,0.030664718526981282,0.09719991128524076
surface_null,"gabc:P-G N 328, Av",0,0.21105733913991126,0.4755078084391083,0.34328257378950977
surface_null,"gabc:P-BRs Ms. 028, 105v",0,0.009432625544775065,0.09199343906441793,0.05071303230459649
surface_null,"gabc:P-BRs Ms. 032, 114r",0,0.007917382392526264,0.2143241517346464,0.11112076706358633
surface_null,"gabc:P-BRad Pastas 051, 157v",0,0.08098917355025104,0.11109863553708102,0.09604390454366603
surface_null,"gabc:P-BRs Ms. 032, 306r",0,0.019714657353599202,0.09302111671629096,0.05636788703494508
surface_null,"gabc:P-BRs Ms. 034, 027",0,0.0004890651895817327,0.019991321466837,0.010240193328209366
surface_null,"gabc:P-BRs Ms. 028, 105v",0,0.009399497667903368,0.00984299736313028,0.009621247515516823
surface_null,"gabc:P-BRs Ms. 032, 306r",0,0.455404868634875,0.5517137587451674,0.5035593136900212
surface_null,"gabc:P-BRs Ms. 028, 105v",0,0.005346187030743829,0.04583679896374934,0.025591492997246584
surface_null,"gabc:P-BRs Ms. 034, 027",0,0.02424666233864838,0.009215892529142426,0.0167312774338954
surface_null,"gabc:P-BRad Pastas 015, 023",0,0.009297540842888578,0.016034916662334683,0.01266622875261163
surface_null,"gabc:P-BRad 23, Bv",0,0.014116509332852361,0.15985991046272777,0.08698820989779006
surface_null,"gabc:P-G N 328, Av",0,0.38122118338423683,0.4343797999282161,0.40780049165622645
surface_null,"gabc:P-BRs Ms. 034, 023",0,0.002195514992924435,0.006592624853828939,0.004394069923376687
surface_null,"gabc:P-BRs Ms. 034, 278",0,0.016130089960577996,0.0037509270676341576,0.009940508514106076
surface_null,"gabc:P-BRs Ms. 034, 278",0,0.07948263983041134,0.17351327560277185,0.1264979577165916
surface_null,"gabc:P-BRs Ms. 034, 344",0,0.257802807917081,0.17771481423051042,0.2177588110737957
surface_null,gabc:siglum,0,0.1578723172750474,0.0730895190469498,0.1154809181609986
surface_null,"gabc:P-BRs Ms. 028, 105v",0,0.005948435064609021,0.003906511668778691,0.004927473366693856
surface_null,"gabc:P-BRad Pastas 077, Ar",0,0.029342093091022932,0.2616066622322892,0.14547437766165605
surface_null,"gabc:P-BRs Ms. 034, 278",0,0.005946688963653476,0.054484611625732884,0.03021565029469318
surface_null,"gabc:P-BRs Ms. 032, 116r",0,0.21562733948666085,0.23698237657095347,0.22630485802880718
surface_null,gabc:siglum,0,0.024479566806813572,0.03907300939987371,0.03177628810334364
surface_null,"gabc:P-BRs Ms. 032, 114r",0,0.008342668809164669,0.3024039510176362,0.15537330991340043
surface_null,"gabc:P-G N 328, Av",0,0.05684302167379299,0.3797561844923614,0.21829960308307722
surface_null,"gabc:P-BRs Ms. 032, 301r",0,0.009720912919993037,0.03270913794005694,0.02121502543002499
surface_null,"gabc:P-BRs Ms. 032, 116v",0,0.28301669833224585,0.5813948634648073,0.43220578089852657
surface_null,"gabc:P-BRs Ms. 034, 344",0,0.0011423301620625346,0.02055854943876365,0.010850439800413092
surface_null,"gabc:P-BRs Ms. 028, 105v",0,0.04893173562608326,0.175154536950544,0.11204313628831364
surface_null,"gabc:P-BRad Pastas 244, Ar",0,0.2840705970632964,0.28571889837179226,0.2848947477175443
surface_null,"gabc:P-G N 328, Av",0,0.0830559380908354,0.12360351359242441,0.10332972584162992
surface_null,"gabc:P-BRam Nº 010 Códices, Ar",0,0.009646598368542324,0.023964494416275236,0.01680554639240878
surface_null,"gabc:P-BRs Ms. 034, 278",0,0.1575955245700291,0.4741537452963171,0.3158746349331731
surface_null,"gabc:P-BRs Ms. 034, 023",0,0.051788413512180075,0.1382498959210036,0.09501915471659184
surface_null,"gabc:P-BRs Ms. 028, 94r",0,0.0021720335027993116,0.0012099502801175628,0.0016909918914584372
surface_null,"gabc:P-BRs Ms. 028, 18r",0,0.11411483123631327,0.016656451108046484,0.06538564117217988
surface_null,"gabc:P-BRam Nº 010 Códices, Ar",0,0.09147002884087924,0.13263211954840726,0.11205107419464325
surface_null,gabc:siglum,0,0.0036371899709104435,0.01969723752188032,0.011667213746395382
surface_null,"gabc:P-BRs Ms. 028, 105v",0,0.028787142875888384,0.08846664328754773,0.05862689308171806
surface_null,"gabc:P-BRs Ms. 034, 083",0,0.004879030293659933,0.0,0.0024395151468299663
surface_null,"gabc:P-BRad Pastas 051, 157v",0,0.005635375934667607,0.019264620570341354,0.01244999825250448
surface_null,"gabc:P-BRs Ms. 028, 18r",0,0.10182211342204736,0.37954391036484625,0.24068301189344682
surface_null,"gabc:P-BRs Ms. 034, 027",0,0.0034754420098662715,0.01749888467772053,0.0104871633437934
surface_null,gabc:siglum,0,0.002669306438198909,0.04639099639183892,0.024530151415018915
