f100r	1	12	14
f100r	2	15	15
f100r	3	22	26
f100r	4	27	27
f100v	1	14	21
f100v	2	22	22
f101r	1	1	1
f101r	2	2	2
f101r	3	3	5
f101r	4	6	6
f101r	5	7	9
f101r	6	10	10
f101v	1	19	19
f101v	2	20	20
f101v	3	21	21
f101v	4	22	23
f101v	5	24	24
f101v	6	25	27
f101v	7	28	28
f102r1	1	3	5
f102r1	2	6	6
f102r1	3	8	8
f102r1	4	9	10
f102r1	5	11	11
f102r1	6	13	15
f102r1	7	16	16
f102r1	8	17	17
f102r2	1	2	5
f102r2	2	6	6
f102r2	3	8	11
f102r2	4	12	12
f102r2	5	16	19
f102r2	6	20	20
f102v1	1	7	13
f102v1	2	14	14
f102v1	3	19	23
f102v1	4	24	24
f102v2	1	17	22
f102v2	2	23	23
f102v2	3	30	30
f102v2	4	31	38
f102v2	5	39	39
f103r	1	1	3
f103r	2	4	4
f103r	3	5	6
f103r	4	7	7
f103r	5	8	11
f103r	6	12	12
f103r	7	13	14
f103r	8	15	15
f103r	9	16	16
f103r	10	17	17
f103r	11	18	19
f103r	12	20	20
f103r	13	21	22
f103r	14	23	23
f103r	15	24	25
f103r	16	26	26
f103r	17	27	28
f103r	18	29	29
f103r	19	30	31
f103r	20	32	32
f103r	21	33	33
f103r	22	34	34
f103r	23	35	35
f103r	24	36	36
f103r	25	37	38
f103r	26	39	39
f103r	27	40	41
f103r	28	42	42
f103r	29	43	43
f103r	30	44	44
f103r	31	45	46
f103r	32	47	47
f103r	33	48	50
f103r	34	51	51
f103r	35	52	53
f103r	36	54	54
f103v	1	1	3
f103v	2	4	4
f103v	3	5	7
f103v	4	8	8
f103v	5	9	10
f103v	6	11	11
f103v	7	12	12
f103v	8	13	13
f103v	9	14	15
f103v	10	16	16
f103v	11	17	18
f103v	12	19	19
f103v	13	20	25
f103v	14	26	26
f103v	15	27	28
f103v	16	29	29
f103v	17	30	31
f103v	18	32	32
f103v	19	33	35
f103v	20	36	36
f103v	21	37	37
f103v	22	38	38
f103v	23	39	41
f103v	24	42	42
f103v	25	43	45
f103v	26	46	46
f104r	1	1	3
f104r	2	4	4
f104r	3	5	8
f104r	4	9	9
f104r	5	10	10
f104r	6	11	11
f104r	7	12	14
f104r	8	15	15
f104r	9	16	17
f104r	10	18	18
f104r	11	19	20
f104r	12	21	21
f104r	13	22	25
f104r	14	26	26
f104r	15	27	28
f104r	16	29	29
f104r	17	30	32
f104r	18	33	33
f104r	19	34	34
f104r	20	35	35
f104r	21	36	37
f104r	22	38	38
f104r	23	39	41
f104r	24	42	42
f104r	25	43	44
f104r	26	45	45
f104v	1	1	4
f104v	2	5	5
f104v	3	6	6
f104v	4	7	7
f104v	5	8	10
f104v	6	11	11
f104v	7	12	13
f104v	8	14	14
f104v	9	15	17
f104v	10	18	18
f104v	11	19	20
f104v	12	21	21
f104v	13	22	25
f104v	14	26	26
f104v	15	27	27
f104v	16	28	28
f104v	17	29	30
f104v	18	31	31
f104v	19	32	33
f104v	20	34	34
f104v	21	35	35
f104v	22	36	36
f104v	23	37	39
f104v	24	40	40
f104v	25	41	43
f104v	26	44	44
f105r	1	1	4
f105r	2	5	5
f105r	3	6	9
f105r	4	10	10
f105r	5	11	12
f105r	6	13	13
f105r	7	14	15
f105r	8	16	16
f105r	9	17	22
f105r	10	23	23
f105r	11	24	24
f105r	12	25	25
f105r	13	26	26
f105r	14	27	27
f105r	15	28	29
f105r	16	30	30
f105r	17	31	33
f105r	18	34	34
f105r	19	35	36
f105r	20	37	37
f105v	1	1	3
f105v	2	4	4
f105v	3	5	6
f105v	4	7	7
f105v	5	8	12
f105v	6	13	13
f105v	7	14	16
f105v	8	17	17
f105v	9	18	18
f105v	10	19	19
f105v	11	20	21
f105v	12	22	22
f105v	13	23	23
f105v	14	24	24
f105v	15	25	27
f105v	16	28	28
f105v	17	29	30
f105v	18	31	31
f105v	19	32	37
f105v	20	38	38
f106r	1	1	2
f106r	2	3	3
f106r	3	4	6
f106r	4	7	7
f106r	5	8	8
f106r	6	9	9
f106r	7	10	11
f106r	8	12	12
f106r	9	13	13
f106r	10	14	14
f106r	11	15	16
f106r	12	17	17
f106r	13	18	20
f106r	14	21	21
f106r	15	22	22
f106r	16	23	23
f106r	17	24	25
f106r	18	26	26
f106r	19	27	30
f106r	20	31	31
f106r	21	32	32
f106r	22	33	33
f106r	23	34	34
f106r	24	35	35
f106r	25	36	36
f106r	26	37	37
f106r	27	38	40
f106r	28	41	41
f106r	29	42	46
f106r	30	47	47
f106v	1	1	3
f106v	2	4	4
f106v	3	5	7
f106v	4	8	8
f106v	5	9	9
f106v	6	10	10
f106v	7	11	13
f106v	8	14	14
f106v	9	15	16
f106v	10	17	17
f106v	11	18	18
f106v	12	19	19
f106v	13	20	20
f106v	14	21	21
f106v	15	22	24
f106v	16	25	25
f106v	17	26	26
f106v	18	27	27
f106v	19	28	30
f106v	20	31	31
f106v	21	32	32
f106v	22	33	33
f106v	23	34	35
f106v	24	36	36
f106v	25	37	38
f106v	26	39	39
f106v	27	40	40
f106v	28	41	41
f106v	29	42	46
f106v	30	47	47
f107r	1	1	2
f107r	2	3	3
f107r	3	4	6
f107r	4	7	7
f107r	5	8	11
f107r	6	12	12
f107r	7	13	16
f107r	8	17	17
f107r	9	18	19
f107r	10	20	20
f107r	11	21	22
f107r	12	23	23
f107r	13	24	25
f107r	14	26	26
f107r	15	27	28
f107r	16	29	29
f107r	17	30	32
f107r	18	33	33
f107r	19	34	36
f107r	20	37	37
f107r	21	38	40
f107r	22	41	41
f107r	23	42	43
f107r	24	44	44
f107r	25	45	46
f107r	26	47	47
f107r	27	48	50
f107r	28	51	51
f107v	1	1	3
f107v	2	4	4
f107v	3	5	6
f107v	4	7	7
f107v	5	8	9
f107v	6	10	10
f107v	7	11	14
f107v	8	15	15
f107v	9	16	18
f107v	10	19	19
f107v	11	20	21
f107v	12	22	22
f107v	13	23	23
f107v	14	24	24
f107v	15	25	27
f107v	16	28	28
f107v	17	29	30
f107v	18	31	31
f107v	19	32	33
f107v	20	34	34
f107v	21	35	35
f107v	22	36	36
f107v	23	37	39
f107v	24	40	40
f107v	25	41	41
f107v	26	42	42
f107v	27	43	43
f107v	28	44	44
f107v	29	45	48
f107v	30	49	49
f108r	1	1	3
f108r	2	4	4
f108r	3	5	6
f108r	4	7	7
f108r	5	8	12
f108r	6	13	13
f108r	7	14	15
f108r	8	16	16
f108r	9	17	19
f108r	10	20	20
f108r	11	21	22
f108r	12	23	23
f108r	13	24	27
f108r	14	28	28
f108r	15	29	29
f108r	16	30	30
f108r	17	31	33
f108r	18	34	34
f108r	19	35	35
f108r	20	36	36
f108r	21	37	37
f108r	22	38	38
f108r	23	39	42
f108r	24	43	43
f108r	25	44	44
f108r	26	45	46
f108r	27	47	47
f108r	28	48	49
f108r	29	50	50
f108v	1	1	3
f108v	2	4	4
f108v	3	5	5
f108v	4	6	6
f108v	5	7	10
f108v	6	11	11
f108v	7	12	13
f108v	8	14	14
f108v	9	15	18
f108v	10	19	19
f108v	11	20	28
f108v	12	29	29
f108v	13	30	52
f108v	14	53	53
f10r	1	1	4
f10r	2	5	5
f10r	3	6	6
f10r	4	7	7
f10r	5	8	8
f10r	6	9	9
f10r	7	10	10
f10r	8	11	11
f10r	9	12	12
f10v	1	1	2
f10v	2	3	3
f10v	3	4	6
f10v	4	7	7
f111r	1	1	4
f111r	2	5	5
f111r	3	6	34
f111r	4	35	35
f111r	5	36	42
f111r	6	43	43
f111r	7	44	46
f111r	8	47	47
f111r	9	48	49
f111r	10	50	50
f111r	11	51	53
f111r	12	54	54
f111v	1	1	24
f111v	2	25	25
f111v	3	26	27
f111v	4	28	28
f111v	5	29	29
f111v	6	30	30
f111v	7	31	32
f111v	8	33	33
f111v	9	34	35
f111v	10	36	36
f111v	11	37	43
f111v	12	44	44
f111v	13	45	46
f111v	14	47	47
f111v	15	48	50
f111v	16	51	51
f112r	1	1	9
f112r	2	10	10
f112r	3	11	13
f112r	4	14	14
f112r	5	15	17
f112r	6	18	18
f112r	7	19	21
f112r	8	22	22
f112r	9	23	25
f112r	10	26	26
f112r	11	27	29
f112r	12	30	30
f112r	13	31	32
f112r	14	33	33
f112r	15	34	35
f112r	16	36	36
f112r	17	37	37
f112r	18	38	38
f112r	19	39	40
f112r	20	41	41
f112r	21	42	44
f112r	22	45	45
f112v	1	1	5
f112v	2	6	6
f112v	3	7	9
f112v	4	10	10
f112v	5	11	13
f112v	6	14	14
f112v	7	15	18
f112v	8	19	19
f112v	9	20	21
f112v	10	22	22
f112v	11	23	25
f112v	12	26	26
f112v	13	27	28
f112v	14	29	29
f112v	15	30	30
f112v	16	31	31
f112v	17	32	34
f112v	18	35	35
f112v	19	36	37
f112v	20	38	38
f112v	21	39	40
f112v	22	41	41
f112v	23	42	43
f112v	24	44	44
f112v	25	45	46
f112v	26	47	47
f113r	1	1	2
f113r	2	3	3
f113r	3	4	6
f113r	4	7	7
f113r	5	8	8
f113r	6	9	9
f113r	7	10	11
f113r	8	12	12
f113r	9	13	14
f113r	10	15	15
f113r	11	16	18
f113r	12	19	19
f113r	13	20	20
f113r	14	21	21
f113r	15	22	23
f113r	16	24	24
f113r	17	25	25
f113r	18	26	26
f113r	19	27	28
f113r	20	29	29
f113r	21	30	30
f113r	22	31	32
f113r	23	33	33
f113r	24	34	35
f113r	25	36	36
f113r	26	37	37
f113r	27	38	38
f113r	28	39	40
f113r	29	41	41
f113r	30	42	43
f113r	31	44	44
f113r	32	45	50
f113r	33	51	51
f113v	1	1	2
f113v	2	3	3
f113v	3	4	5
f113v	4	6	6
f113v	5	7	8
f113v	6	9	9
f113v	7	10	11
f113v	8	12	12
f113v	9	13	16
f113v	10	17	17
f113v	11	18	19
f113v	12	20	20
f113v	13	21	23
f113v	14	24	24
f113v	15	25	26
f113v	16	27	27
f113v	17	28	31
f113v	18	32	32
f113v	19	33	34
f113v	20	35	35
f113v	21	36	36
f113v	22	37	37
f113v	23	38	40
f113v	24	41	41
f113v	25	42	43
f113v	26	44	44
f113v	27	45	45
f113v	28	46	46
f113v	29	47	48
f113v	30	49	49
f114r	1	1	2
f114r	2	3	3
f114r	3	4	6
f114r	4	7	7
f114r	5	8	9
f114r	6	10	10
f114r	7	11	12
f114r	8	13	13
f114r	9	14	17
f114r	10	18	18
f114r	11	19	20
f114r	12	21	21
f114r	13	22	22
f114r	14	23	23
f114r	15	24	26
f114r	16	27	27
f114r	17	28	30
f114r	18	31	31
f114r	19	32	33
f114r	20	34	34
f114r	21	35	37
f114r	22	38	38
f114r	23	39	40
f114r	24	41	41
f114r	25	42	44
f114r	26	45	45
f114v	1	1	4
f114v	2	5	5
f114v	3	6	6
f114v	4	7	7
f114v	5	8	9
f114v	6	10	10
f114v	7	11	12
f114v	8	13	13
f114v	9	14	16
f114v	10	17	17
f114v	11	18	18
f114v	12	19	19
f114v	13	20	21
f114v	14	22	22
f114v	15	23	24
f114v	16	25	25
f114v	17	26	27
f114v	18	28	28
f114v	19	29	31
f114v	20	32	32
f114v	21	33	34
f114v	22	35	35
f114v	23	36	40
f114v	24	41	41
f11r	1	1	3
f11r	2	4	4
f11r	3	5	6
f11r	4	7	7
f11v	1	1	1
f11v	2	2	2
f11v	3	3	3
f11v	4	4	4
f11v	5	6	6
f11v	6	7	7
f13r	1	1	3
f13r	2	4	4
f13r	3	5	6
f13r	4	7	7
f13r	5	8	8
f13r	6	9	9
f13r	7	10	10
f13v	1	1	4
f13v	2	5	5
f13v	3	6	6
f13v	4	7	7
f13v	5	8	8
f13v	6	9	9
f13v	7	10	10
f14r	1	1	6
f14r	2	7	7
f14r	3	8	8
f14r	4	9	9
f14r	5	10	10
f14r	6	11	11
f14r	7	12	12
f14r	8	13	13
f14v	1	1	7
f14v	2	8	8
f14v	3	9	9
f15r	1	1	1
f15r	2	2	2
f15r	3	3	3
f15r	4	4	4
f15r	5	5	5
f15r	6	6	6
f15r	7	7	7
f15r	8	8	8
f15r	9	9	9
f15r	10	10	10
f15r	11	11	11
f15r	12	12	12
f15r	13	13	13
f15r	14	14	14
f15r	15	15	15
f15v	1	1	11
f15v	2	12	12
f16r	1	1	1
f16r	2	2	3
f16r	3	4	4
f16r	4	5	8
f16r	5	9	9
f16r	6	10	12
f16r	7	13	13
f16v	1	1	5
f16v	2	6	6
f16v	3	7	12
f16v	4	13	13
f17r	1	1	2
f17r	2	3	3
f17r	3	4	4
f17r	4	5	5
f17r	5	6	6
f17r	6	7	11
f17r	7	12	12
f17v	1	1	22
f17v	2	23	23
f18r	1	1	1
f18r	2	2	2
f18r	3	3	3
f18r	4	4	4
f18r	5	5	6
f18r	6	7	7
f18r	7	8	13
f18r	8	14	14
f18v	1	1	9
f18v	2	10	10
f19r	1	1	1
f19r	2	2	12
f19r	3	13	13
f19v	1	1	6
f19v	2	7	7
f19v	3	8	13
f19v	4	14	14
f20r	1	1	3
f20r	2	4	4
f20r	3	5	7
f20r	4	8	8
f20r	5	9	12
f20r	6	13	13
f20v	1	1	3
f20v	2	4	4
f20v	3	5	6
f20v	4	7	10
f20v	5	11	11
f21r	1	1	2
f21r	2	3	3
f21r	3	4	6
f21r	4	7	7
f21r	5	8	11
f21r	6	12	12
f21v	1	1	3
f21v	2	4	7
f21v	3	8	8
f22r	1	1	2
f22r	2	3	3
f22r	3	4	4
f22r	4	5	5
f22r	5	6	6
f22r	6	7	7
f22r	7	8	8
f22r	8	9	9
f22r	9	10	10
f22r	10	11	11
f22r	11	12	12
f22r	12	13	13
f22v	1	1	1
f22v	2	2	2
f22v	3	3	3
f22v	4	4	4
f22v	5	5	5
f22v	6	6	9
f22v	7	10	15
f22v	8	16	16
f23r	1	1	2
f23r	2	3	3
f23r	3	4	4
f23r	4	5	5
f23r	5	6	7
f23r	6	8	8
f23r	7	9	9
f23r	8	10	10
f23r	9	11	11
f23v	1	1	1
f23v	2	2	2
f23v	3	3	3
f23v	4	4	4
f23v	5	5	5
f23v	6	6	6
f23v	7	7	7
f23v	8	8	8
f23v	9	9	9
f23v	10	10	10
f23v	11	11	11
f23v	12	12	12
f24r	1	1	19
f24r	2	20	20
f24v	1	1	1
f24v	2	2	2
f24v	3	3	4
f24v	4	5	5
f24v	5	6	15
f24v	6	16	16
f25r	1	1	6
f25r	2	7	7
f25v	1	1	5
f25v	2	6	6
f25v	3	7	7
f26r	1	1	1
f26r	2	2	2
f26r	3	3	3
f26r	4	4	4
f26r	5	5	5
f26r	6	6	6
f26r	7	7	7
f26r	8	8	8
f26r	9	9	9
f26r	10	10	10
f26v	1	1	8
f26v	2	9	9
f27r	1	1	1
f27r	2	2	2
f27r	3	3	3
f27r	4	4	4
f27r	5	5	5
f27r	6	6	6
f27r	7	7	7
f27r	8	8	8
f27r	9	9	12
f27r	10	13	13
f27v	1	1	3
f27v	2	4	4
f27v	3	5	5
f27v	4	6	6
f27v	5	7	7
f27v	6	8	8
f28r	1	1	1
f28r	2	2	2
f28r	3	3	3
f28r	4	4	4
f28r	5	5	5
f28r	6	6	6
f28r	7	7	7
f28r	8	8	8
f28r	9	9	9
f28v	1	1	2
f28v	2	3	3
f28v	3	4	5
f28v	4	6	6
f28v	5	7	7
f28v	6	8	8
f28v	7	9	9
f29r	1	1	2
f29r	2	3	3
f29r	3	4	4
f29r	4	5	5
f29r	5	6	6
f29r	6	7	7
f29r	7	8	8
f29r	8	9	9
f29v	1	1	1
f29v	2	2	2
f29v	3	3	3
f29v	4	4	4
f29v	5	5	5
f29v	6	6	6
f29v	7	7	7
f29v	8	8	8
f29v	9	9	9
f29v	10	10	10
f29v	11	11	11
f29v	12	12	12
f2r	1	1	1
f2r	2	2	2
f2r	3	3	3
f2r	4	4	4
f2r	5	5	5
f2r	6	6	6
f2r	7	7	7
f2r	8	8	8
f2r	9	9	9
f2r	10	10	10
f2r	11	11	11
f2r	12	12	12
f2r	13	13	13
f2v	1	1	1
f2v	2	2	2
f2v	3	3	3
f2v	4	4	4
f2v	5	5	5
f2v	6	6	6
f2v	7	7	7
f2v	8	8	8
f30r	1	1	6
f30r	2	7	7
f30r	3	8	8
f30r	4	9	9
f30r	5	10	10
f30r	6	11	11
f30r	7	12	12
f30r	8	13	13
f30v	1	1	10
f30v	2	11	11
f31r	1	1	4
f31r	2	5	5
f31r	3	6	8
f31r	4	9	9
f31r	5	10	15
f31r	6	16	16
f31v	1	1	4
f31v	2	5	5
f31v	3	6	10
f31v	4	11	11
f32r	1	1	1
f32r	2	2	2
f32r	3	3	3
f32r	4	4	4
f32r	5	5	5
f32r	6	6	18
f32r	7	19	19
f32v	1	1	1
f32v	2	2	2
f32v	3	3	3
f32v	4	4	4
f32v	5	5	5
f32v	6	6	6
f32v	7	7	7
f32v	8	8	8
f32v	9	9	9
f32v	10	10	10
f32v	11	11	11
f33r	1	1	6
f33r	2	7	7
f33v	1	1	1
f33v	2	2	2
f33v	3	3	3
f33v	4	4	4
f33v	5	5	5
f33v	6	6	6
f33v	7	7	7
f33v	8	8	8
f33v	9	9	10
f33v	10	11	11
f34r	1	1	1
f34r	2	2	2
f34r	3	3	3
f34r	4	4	4
f34r	5	5	5
f34r	6	6	6
f34r	7	7	7
f34r	8	8	8
f34r	9	9	9
f34r	10	10	10
f34r	11	11	11
f34r	12	12	12
f34r	13	13	13
f34r	14	14	14
f34r	15	15	15
f34v	1	1	4
f34v	2	5	5
f34v	3	6	10
f34v	4	11	11
f35r	1	1	7
f35r	2	8	8
f35r	3	9	10
f35r	4	11	11
f35r	5	12	12
f35r	6	13	13
f35r	7	14	14
f35r	8	15	15
f35v	1	1	20
f35v	2	21	21
f36r	1	1	2
f36r	2	3	3
f36r	3	4	4
f36r	4	5	5
f36r	5	6	6
f36r	6	7	8
f36r	7	9	9
f36v	1	1	2
f36v	2	3	3
f36v	3	4	4
f36v	4	5	13
f36v	5	14	14
f37r	1	1	2
f37r	2	3	3
f37r	3	4	5
f37r	4	6	6
f37r	5	7	7
f37r	6	8	8
f37r	7	9	9
f37r	8	10	10
f37r	9	11	11
f37v	1	1	6
f37v	2	7	7
f37v	3	8	12
f37v	4	13	13
f37v	5	14	22
f37v	6	23	23
f38r	1	1	1
f38r	2	2	2
f38r	3	3	3
f38r	4	4	4
f38r	5	5	5
f38r	6	6	6
f38v	1	1	1
f38v	2	2	2
f38v	3	3	3
f38v	4	4	4
f38v	5	5	5
f38v	6	6	6
f38v	7	7	7
f38v	8	8	8
f39r	1	1	4
f39r	2	5	5
f39r	3	6	8
f39r	4	9	9
f39r	5	10	11
f39r	6	12	15
f39r	7	16	16
f39v	1	1	5
f39v	2	6	6
f39v	3	7	7
f39v	4	8	8
f39v	5	9	9
f39v	6	10	10
f39v	7	11	11
f39v	8	12	12
f39v	9	13	13
f39v	10	14	14
f3r	1	1	9
f3r	2	10	10
f3r	3	11	13
f3r	4	14	14
f3r	5	15	15
f3r	6	16	16
f3r	7	17	17
f3r	8	18	18
f3r	9	19	19
f3r	10	20	20
f3v	1	1	5
f3v	2	6	6
f3v	3	7	13
f3v	4	14	14
f40r	1	1	1
f40r	2	2	2
f40r	3	3	3
f40r	4	4	4
f40r	5	5	5
f40r	6	6	6
f40r	7	7	7
f40r	8	8	8
f40r	9	9	9
f40r	10	10	10
f40r	11	11	11
f40v	1	1	11
f40v	2	12	12
f40v	3	13	13
f40v	4	14	14
f40v	5	15	15
f40v	6	16	16
f40v	7	17	17
f40v	8	18	18
f40v	9	19	19
f41r	1	1	1
f41r	2	2	2
f41r	3	3	3
f41r	4	4	4
f41r	5	5	5
f41r	6	6	6
f41r	7	7	7
f41r	8	8	8
f41r	9	9	9
f41r	10	10	10
f41r	11	11	11
f41v	1	2	2
f41v	2	3	3
f41v	3	4	4
f41v	4	5	5
f41v	5	6	6
f41v	6	7	7
f41v	7	8	8
f42r	1	1	5
f42r	2	6	6
f42r	3	7	9
f42r	4	10	10
f42r	5	11	11
f42r	6	12	12
f42r	7	13	13
f42r	8	14	14
f42r	9	15	15
f42r	10	16	18
f42r	11	19	22
f42r	12	23	23
f42v	1	1	1
f42v	2	2	2
f42v	3	3	3
f42v	4	4	4
f42v	5	5	5
f42v	6	6	6
f42v	7	7	7
f42v	8	8	8
f42v	9	9	9
f42v	10	10	10
f42v	11	11	11
f42v	12	12	12
f42v	13	13	13
f42v	14	14	15
f42v	15	16	16
f43r	1	1	5
f43r	2	6	6
f43r	3	7	8
f43r	4	9	9
f43r	5	10	13
f43r	6	14	14
f43v	1	1	4
f43v	2	5	5
f43v	3	6	8
f43v	4	9	9
f43v	5	10	15
f43v	6	16	16
f44r	1	1	3
f44r	2	4	4
f44r	3	5	6
f44r	4	7	7
f44r	5	8	10
f44r	6	11	11
f44v	1	1	2
f44v	2	3	3
f44v	3	4	6
f44v	4	7	7
f44v	5	8	12
f44v	6	13	13
f45r	1	1	3
f45r	2	4	4
f45r	3	5	6
f45r	4	7	7
f45r	5	8	10
f45r	6	11	11
f45v	1	1	1
f45v	2	2	2
f45v	3	3	3
f45v	4	4	4
f45v	5	5	5
f45v	6	6	6
f45v	7	7	7
f45v	8	8	8
f45v	9	9	9
f45v	10	10	10
f45v	11	11	11
f46r	1	1	4
f46r	2	5	5
f46r	3	6	7
f46r	4	8	8
f46r	5	9	9
f46r	6	10	10
f46r	7	11	12
f46r	8	13	13
f46r	9	14	14
f46r	10	15	15
f46v	1	1	2
f46v	2	3	12
f46v	3	13	13
f47r	1	1	4
f47r	2	5	5
f47r	3	6	10
f47r	4	11	11
f47v	1	1	1
f47v	2	2	2
f47v	3	3	3
f47v	4	4	4
f47v	5	5	5
f47v	6	6	6
f47v	7	7	9
f47v	8	10	10
f47v	9	11	11
f47v	10	12	12
f47v	11	13	13
f47v	12	14	14
f48r	1	1	8
f48r	2	9	9
f48v	1	1	1
f48v	2	2	2
f48v	3	3	3
f48v	4	4	4
f48v	5	5	5
f48v	6	6	6
f48v	7	7	7
f48v	8	8	8
f48v	9	9	9
f48v	10	10	10
f48v	11	11	11
f49r	1	1	2
f49r	2	3	3
f49r	3	4	10
f49r	4	11	11
f49r	5	12	20
f49r	6	21	21
f49v	1	2	24
f49v	2	26	26
f49v	3	28	28
f49v	4	30	30
f49v	5	32	32
f49v	6	34	34
f49v	7	36	36
f49v	8	38	38
f49v	9	40	40
f49v	10	42	42
f49v	11	44	44
f49v	12	46	46
f49v	13	48	48
f49v	14	50	50
f49v	15	52	52
f4r	1	1	1
f4r	2	2	2
f4r	3	3	3
f4r	4	4	4
f4r	5	5	12
f4r	6	13	13
f4v	1	1	1
f4v	2	2	2
f4v	3	3	3
f4v	4	4	4
f4v	5	5	5
f4v	6	6	6
f4v	7	7	13
f4v	8	14	14
f50r	1	1	8
f50r	2	9	9
f50r	3	10	10
f50v	1	1	7
f50v	2	8	8
f50v	3	9	9
f50v	4	10	10
f50v	5	11	11
f51r	1	1	13
f51r	2	14	14
f51r	3	15	15
f51v	1	1	1
f51v	2	2	2
f51v	3	3	3
f51v	4	4	4
f51v	5	5	5
f51v	6	6	6
f51v	7	7	12
f51v	8	13	13
f52r	1	1	1
f52r	2	2	2
f52r	3	3	3
f52r	4	4	4
f52r	5	5	5
f52r	6	6	6
f52r	7	7	7
f52r	8	8	8
f52v	1	1	4
f52v	2	5	5
f52v	3	6	6
f52v	4	7	13
f52v	5	14	14
f53r	1	1	4
f53r	2	5	5
f53r	3	6	6
f53r	4	7	7
f53r	5	8	8
f53r	6	9	9
f53v	1	1	11
f53v	2	12	12
f53v	3	13	13
f54r	1	1	1
f54r	2	2	2
f54r	3	3	3
f54r	4	4	4
f54r	5	5	5
f54r	6	6	6
f54r	7	7	7
f54r	8	8	8
f54r	9	9	9
f54r	10	10	10
f54r	11	11	11
f54r	12	12	12
f54v	1	1	15
f54v	2	16	16
f55r	1	1	5
f55r	2	6	6
f55r	3	7	12
f55r	4	13	13
f55v	1	1	1
f55v	2	2	2
f55v	3	3	3
f55v	4	4	4
f55v	5	5	5
f55v	6	6	6
f55v	7	7	7
f55v	8	8	8
f55v	9	9	9
f55v	10	10	10
f55v	11	11	11
f55v	12	12	12
f56r	1	1	3
f56r	2	4	7
f56r	3	8	8
f56r	4	9	17
f56r	5	18	18
f56r	6	19	19
f56v	1	1	3
f56v	2	4	5
f56v	3	6	6
f56v	4	7	15
f56v	5	16	16
f58r	1	1	14
f58r	2	15	15
f58r	3	16	24
f58r	4	25	25
f58r	5	26	40
f58r	6	41	41
f58v	1	1	2
f58v	2	3	21
f58v	3	22	22
f58v	4	23	27
f58v	5	28	28
f58v	6	29	32
f58v	7	33	33
f58v	8	34	38
f58v	9	39	39
f5r	1	1	3
f5r	2	4	4
f5r	3	5	6
f5r	4	7	7
f5v	1	1	5
f5v	2	6	6
f6r	1	1	1
f6r	2	2	2
f6r	3	3	3
f6r	4	4	4
f6r	5	5	5
f6r	6	6	13
f6r	7	14	14
f6v	1	1	2
f6v	2	3	3
f6v	3	4	4
f6v	4	5	5
f6v	5	6	20
f6v	6	21	21
f75r	1	1	1
f75r	2	2	2
f75r	3	3	3
f75r	4	4	4
f75r	5	5	5
f75r	6	6	6
f75r	7	7	7
f75r	8	8	8
f75r	9	9	9
f75r	10	10	10
f75r	11	11	11
f75r	12	12	12
f75r	13	13	13
f75r	14	14	14
f75r	15	15	15
f75r	16	16	16
f75r	17	17	17
f75r	18	18	18
f75r	19	19	19
f75r	20	20	20
f75r	21	21	21
f75r	22	22	22
f75r	23	23	23
f75r	24	24	24
f75r	25	25	25
f75r	26	26	26
f75r	27	27	27
f75r	28	28	30
f75r	29	31	31
f75r	30	32	43
f75r	31	44	45
f75r	32	46	46
f75r	33	47	52
f75r	34	53	53
f75v	1	1	1
f75v	2	3	3
f75v	3	5	5
f75v	4	7	7
f75v	5	10	10
f75v	6	12	12
f75v	7	13	13
f75v	8	14	14
f75v	9	15	15
f75v	10	16	16
f75v	11	17	17
f75v	12	38	41
f75v	13	42	42
f75v	14	43	48
f75v	15	49	49
f75v	16	57	58
f75v	17	59	59
f75v	18	60	69
f75v	19	70	70
f77r	1	9	23
f77r	2	24	24
f77r	3	25	36
f77r	4	37	37
f77r	5	38	47
f77r	6	48	48
f77v	1	6	14
f77v	2	15	15
f77v	3	16	27
f77v	4	28	28
f77v	5	29	41
f77v	6	42	42
f78r	1	3	26
f78r	2	27	27
f78r	3	28	28
f78r	4	29	35
f78r	5	36	42
f78r	6	43	43
f78v	1	1	18
f78v	2	19	19
f78v	3	20	24
f78v	4	25	31
f78v	5	32	32
f79r	1	1	5
f79r	2	6	6
f79r	3	7	11
f79r	4	12	12
f79r	5	13	19
f79r	6	20	20
f79r	7	21	24
f79r	8	25	25
f79r	9	26	29
f79r	10	30	30
f79r	11	31	33
f79r	12	34	34
f79r	13	35	37
f79r	14	38	38
f79r	15	39	43
f79r	16	44	44
f79v	1	1	8
f79v	2	9	9
f79v	3	10	10
f79v	4	11	11
f79v	5	12	21
f79v	6	22	22
f79v	7	23	26
f79v	8	27	27
f79v	9	28	31
f79v	10	32	32
f79v	11	33	35
f79v	12	36	36
f79v	13	37	41
f79v	14	42	42
f7r	1	1	1
f7r	2	2	2
f7r	3	3	3
f7r	4	4	4
f7r	5	5	5
f7r	6	6	6
f7r	7	7	7
f7r	8	8	8
f7r	9	9	9
f7r	10	10	10
f7v	1	1	4
f7v	2	5	5
f7v	3	6	6
f7v	4	7	7
f7v	5	8	8
f7v	6	9	9
f80r	1	11	26
f80r	2	27	27
f80r	3	28	32
f80r	4	33	33
f80r	5	34	38
f80r	6	39	39
f80r	7	40	45
f80r	8	46	46
f80r	9	47	52
f80r	10	53	53
f80v	1	1	5
f80v	2	6	6
f80v	3	7	12
f80v	4	13	13
f80v	5	14	17
f80v	6	18	18
f80v	7	19	21
f80v	8	22	22
f80v	9	23	25
f80v	10	26	26
f80v	11	27	28
f80v	12	29	29
f80v	13	30	36
f80v	14	37	37
f80v	15	38	43
f80v	16	44	44
f81r	1	1	14
f81r	2	15	15
f81r	3	16	30
f81r	4	31	31
f81v	1	1	8
f81v	2	9	9
f81v	3	10	12
f81v	4	13	26
f81v	5	27	27
f82r	1	1	1
f82r	2	2	2
f82r	3	3	3
f82r	4	4	4
f82r	5	5	8
f82r	6	9	9
f82r	7	11	18
f82r	8	19	19
f82r	9	20	32
f82r	10	33	33
f82v	1	5	9
f82v	2	10	10
f82v	3	11	13
f82v	4	14	14
f82v	5	15	18
f82v	6	19	19
f82v	7	20	26
f82v	8	27	27
f82v	9	28	31
f82v	10	32	32
f82v	11	33	37
f82v	12	38	38
f83r	1	1	7
f83r	2	8	8
f83r	3	9	16
f83r	4	17	17
f83r	5	18	23
f83r	6	24	24
f83r	7	25	29
f83r	8	30	30
f83r	9	31	43
f83r	10	44	44
f83r	11	47	48
f83r	12	49	49
f83r	13	52	54
f83r	14	55	55
f83v	1	1	7
f83v	2	8	8
f83v	3	11	19
f83v	4	20	20
f83v	5	21	32
f83v	6	33	33
f84r	1	13	15
f84r	2	16	16
f84r	3	17	18
f84r	4	19	19
f84r	5	20	20
f84r	6	21	21
f84r	7	22	25
f84r	8	26	26
f84r	9	27	34
f84r	10	35	35
f84r	11	36	45
f84r	12	46	46
f84v	1	1	1
f84v	2	2	2
f84v	3	3	5
f84v	4	6	6
f84v	5	7	19
f84v	6	20	20
f84v	7	21	40
f84v	8	41	51
f87r	1	1	6
f87r	2	7	9
f87r	3	10	10
f87r	4	11	15
f87r	5	16	16
f87v	1	1	1
f87v	2	2	2
f87v	3	3	3
f87v	4	4	4
f87v	5	5	5
f87v	6	6	6
f87v	7	7	7
f87v	8	8	8
f87v	9	9	9
f87v	10	10	10
f87v	11	11	11
f87v	12	12	12
f87v	13	13	13
f87v	14	14	14
f87v	15	15	15
f87v	16	16	16
f88r	1	7	10
f88r	2	11	11
f88r	3	18	21
f88r	4	22	22
f88r	5	26	30
f88r	6	31	31
f88v	1	6	9
f88v	2	10	10
f88v	3	15	19
f88v	4	20	20
f88v	5	21	25
f88v	6	26	26
f89r1	1	6	8
f89r1	2	9	9
f89r1	3	10	10
f89r1	4	15	17
f89r1	5	18	18
f89r1	6	19	22
f89r1	7	23	23
f89r2	1	6	7
f89r2	2	8	8
f89r2	3	12	12
f89r2	4	13	14
f89r2	5	15	15
f89r2	6	22	22
f89r2	7	23	23
f89r2	8	24	24
f89r2	9	25	25
f89r2	10	26	26
f89r2	11	27	27
f89r2	12	28	28
f89v1	1	5	11
f89v1	2	12	12
f89v1	3	13	19
f89v1	4	20	20
f89v2	1	7	9
f89v2	2	10	10
f89v2	3	15	17
f89v2	4	18	18
f89v2	5	19	21
f89v2	6	22	22
f8r	1	1	1
f8r	2	2	2
f8r	3	3	3
f8r	4	4	4
f8r	5	5	5
f8r	6	6	7
f8r	7	8	8
f8r	8	9	9
f8r	9	10	10
f8r	10	11	11
f8r	11	12	12
f8r	12	13	13
f8r	13	14	14
f8r	14	15	15
f8r	15	16	16
f8r	16	17	17
f8r	17	18	18
f8r	18	19	19
f8r	19	20	20
f8r	20	21	21
f8v	1	1	1
f8v	2	2	2
f8v	3	3	3
f8v	4	4	4
f8v	5	5	5
f8v	6	6	6
f8v	7	7	7
f8v	8	8	8
f8v	9	9	9
f8v	10	10	10
f8v	11	11	11
f8v	12	12	12
f8v	13	13	13
f8v	14	14	14
f8v	15	15	15
f8v	16	16	16
f8v	17	17	17
f90r1	1	1	3
f90r1	2	4	8
f90r1	3	9	9
f90r2	1	1	1
f90r2	2	2	2
f90r2	3	3	3
f90r2	4	4	4
f90r2	5	5	5
f90r2	6	6	6
f90v1	1	1	1
f90v1	2	2	2
f90v1	3	3	3
f90v1	4	4	4
f90v1	5	5	5
f90v1	6	6	6
f90v1	7	7	7
f90v1	8	8	8
f90v1	9	9	9
f90v1	10	10	10
f90v1	11	11	11
f90v2	1	1	1
f90v2	2	2	2
f90v2	3	3	3
f90v2	4	4	4
f90v2	5	5	5
f90v2	6	6	6
f90v2	7	7	7
f90v2	8	8	8
f93r	1	1	1
f93r	2	2	2
f93r	3	3	3
f93r	4	4	4
f93r	5	5	31
f93r	6	32	32
f93v	1	1	1
f93v	2	2	2
f93v	3	3	3
f93v	4	4	4
f93v	5	5	5
f93v	6	6	6
f93v	7	7	7
f93v	8	8	8
f93v	9	9	9
f93v	10	10	10
f94r	1	1	6
f94r	2	7	7
f94r	3	8	8
f94r	4	9	9
f94v	1	1	1
f94v	2	2	2
f94v	3	3	3
f94v	4	4	4
f94v	5	5	5
f94v	6	6	6
f94v	7	7	7
f94v	8	8	8
f94v	9	9	9
f94v	10	10	10
f94v	11	11	11
f94v	12	12	12
f95r1	1	1	4
f95r1	2	5	5
f95r1	3	6	10
f95r1	4	11	11
f95r2	1	1	3
f95r2	2	4	4
f95r2	3	5	8
f95r2	4	9	9
f95v1	1	1	4
f95v1	2	5	5
f95v1	3	6	6
f95v1	4	7	7
f95v1	5	8	8
f95v1	6	9	9
f95v1	7	10	10
f95v1	8	11	12
f95v1	9	13	13
f95v2	1	1	3
f95v2	2	4	4
f95v2	3	5	5
f95v2	4	6	6
f95v2	5	7	7
f96r	1	1	10
f96r	2	11	11
f96r	3	12	12
f96r	4	13	13
f96v	1	1	1
f96v	2	2	2
f96v	3	3	12
f96v	4	13	13
f99r	1	15	17
f99r	2	18	18
f99r	3	28	30
f99r	4	31	31
f99r	5	41	43
f99r	6	44	44
f99r	7	47	51
f99r	8	52	52
f99v	1	10	10
f99v	2	11	11
f99v	3	12	12
f99v	4	13	13
f99v	5	21	23
f99v	6	24	24
f99v	7	32	34
f99v	8	35	35
f99v	9	37	37
f99v	10	38	38
f99v	11	39	39
f99v	12	40	40
f99v	13	41	41
f99v	14	42	42
f99v	15	43	43
f9r	1	1	1
f9r	2	2	2
f9r	3	3	3
f9r	4	4	4
f9r	5	5	5
f9r	6	6	6
f9r	7	7	7
f9r	8	8	8
f9r	9	9	9
f9r	10	10	10
f9v	1	1	1
f9v	2	2	2
f9v	3	3	3
f9v	4	4	4
f9v	5	5	5
f9v	6	6	6
f9v	7	7	7
f9v	8	8	8
f9v	9	9	11
f9v	10	12	12
fRos	1	39	39
fRos	2	40	40
fRos	3	137	137
fRos	4	138	138
fRos	5	139	140
fRos	6	141	141
fRos	7	142	144
fRos	8	145	145
