folio	quire	bifolio	currier	davis_hand	word_count	line_count
f2r	A	2	A	1	103	13
f2v	A	2	A	1	62	8
f3r	A	3	A	1	114	20
f3v	A	3	A	1	85	14
f4r	A	4	A	1	65	13
f4v	A	4	A	1	84	14
f5r	A	4	A	1	55	7
f5v	A	4	A	1	48	6
f6r	A	3	A	1	88	14
f6v	A	3	A	1	117	21
f7r	A	2	A	1	66	10
f7v	A	2	A	1	79	9
f8r	A	1	A	1	154	21
f8v	A	1	A	1	119	17
f9r	B	1	A	1	86	10
f9v	B	1	A	1	86	12
f10r	B	2	A	1	93	12
f10v	B	2	A	1	58	7
f11r	B	3	A	1	61	7
f11v	B	3	A	1	49	6
f13r	B	4	A	1	80	10
f13v	B	4	A	1	70	10
f14r	B	3	A	1	77	13
f14v	B	3	A	1	75	9
f15r	B	2	A	1	95	15
f15v	B	2	A	1	71	12
f16r	B	1	A	1	85	13
f16v	B	1	A	1	79	13
f17r	C	1	A	1	78	12
f17v	C	1	A	1	138	23
f18r	C	2	A	1	85	14
f18v	C	2	A	1	69	10
f19r	C	3	A	1	77	13
f19v	C	3	A	1	79	14
f20r	C	4	A	1	89	13
f20v	C	4	A	1	87	11
f21r	C	4	A	1	105	12
f21v	C	4	A	1	58	8
f22r	C	3	A	1	113	13
f22v	C	3	A	1	78	16
f23r	C	2	A	1	111	11
f23v	C	2	A	1	96	12
f24r	C	1	A	1	114	20
f24v	C	1	A	1	89	16
f25r	D	1	A	1	48	7
f25v	D	1	A	1	60	7
f26r	D	2	B	2	91	10
f26v	D	2	B	2	95	9
f27r	D	3	A	1	96	13
f27v	D	3	A	1	64	8
f28r	D	4	A	1	68	9
f28v	D	4	A	1	67	9
f29r	D	4	A	1	65	9
f29v	D	4	A	1	93	12
f30r	D	3	A	1	99	13
f30v	D	3	A	1	66	11
f31r	D	2	B	2	103	16
f31v	D	2	B	2	112	11
f32r	D	1	A	1	77	19
f32v	D	1	A	1	89	11
f33r	E	1	B	2	76	7
f33v	E	1	B	2	114	11
f34r	E	2	B	2	151	15
f34v	E	2	B	2	119	11
f35r	E	3	A	1	95	15
f35v	E	3	A	1	90	21
f36r	E	4	A	1	63	9
f36v	E	4	A	1	78	14
f37r	E	4	A	1	78	11
f37v	E	4	A	1	92	23
f38r	E	3	A	1	44	6
f38v	E	3	A	1	67	8
f39r	E	2	B	2	161	16
f39v	E	2	B	2	149	14
f40r	E	1	B	2	105	11
f40v	E	1	B	2	107	19
f41r	F	1	B	5	100	11
f41v	F	1	B	5	67	7
f42r	F	2	A	1	142	23
f42v	F	2	A	1	117	16
f43r	F	3	B	2	158	14
f43v	F	3	B	2	157	16
f44r	F	4	A	1	76	11
f44v	F	4	A	1	100	13
f45r	F	4	A	1	89	11
f45v	F	4	A	1	87	11
f46r	F	3	B	2	169	15
f46v	F	3	B	2	115	13
f47r	F	2	A	1	77	11
f47v	F	2	A	1	85	14
f48r	F	1	B	5	90	9
f48v	F	1	B	5	128	11
f49r	G	1	A	1	120	21
f49v	G	1	A	1	146	26
f50r	G	2	B	2	96	10
f50v	G	2	B	2	102	11
f51r	G	3	A	1	93	15
f51v	G	3	A	1	87	13
f52r	G	4	A	1	71	8
f52v	G	4	A	1	82	14
f53r	G	4	A	1	61	9
f53v	G	4	A	1	75	13
f54r	G	3	A	1	113	12
f54v	G	3	A	1	95	16
f55r	G	2	B	2	129	13
f55v	G	2	B	2	108	12
f56r	G	1	A	1	107	19
f56v	G	1	A	1	93	16
f58r	H	2	A	3	381	41
f58v	H	2	A	3	382	39
f75r	M	1	B	2	421	53
f75v	M	1	B	2	325	37
f77r	M	3	B	2	325	40
f77v	M	3	B	2	324	37
f78r	M	4	B	2	295	41
f78v	M	4	B	2	296	32
f79r	M	5	B	2	391	44
f79v	M	5	B	2	357	42
f80r	M	5	B	2	438	43
f80v	M	5	B	2	382	44
f81r	M	4	B	2	210	31
f81v	M	4	B	2	258	27
f82r	M	3	B	2	282	32
f82v	M	3	B	2	307	34
f83r	M	2	B	2	346	51
f83v	M	2	B	2	260	31
f84r	M	1	B	2	358	34
f84v	M	1	B	2	343	51
f87r	O	1	A	1	103	16
f87v	O	1	A	1	92	16
f88r	O	2	A	1	137	16
f88v	O	2	A	1	135	17
f89r1	O	2	A	1	129	14
f89r2	O	2	A	1	213	14
f89v1	O	2	A	1	146	16
f89v2	O	2	A	1	167	12
f90r1	O	1	A	1	68	9
f90r2	O	1	A	1	47	6
f90v1	O	1	A	1	99	11
f90v2	O	1	A	1	70	8
f93r	Q	1	A	1	154	32
f93v	Q	1	A	1	90	10
f94r	Q	2	B	3	80	9
f94v	Q	2	B	3	98	12
f95r1	Q	2	B	3	103	11
f95r2	Q	2	B	3	79	9
f95v1	Q	2	B	3	118	13
f95v2	Q	2	B	3	61	7
f96r	Q	1	A	1	84	13
f96v	Q	1	A	1	57	13
f99r	S	1	A	1	159	18
f99v	S	1	A	1	152	19
f100r	S	2	A	1	94	10
f100v	S	2	A	1	81	9
f101r	S	2	A	1	230	10
f101v	S	2	A	1	205	10
f102r1	S	1	A	1	104	13
f102r2	S	1	A	1	140	15
f102v1	S	1	A	1	122	14
f102v2	S	1	A	1	172	17
f103r	T	1	B	3	539	54
f103v	T	1	B	3	461	46
f104r	T	2	B	3	452	45
f104v	T	2	B	3	485	44
f105r	T	3	B	3	383	37
f105v	T	3	B	3	400	38
f106r	T	4	B	3	436	47
f106v	T	4	B	3	450	47
f107r	T	5	B	3	494	51
f107v	T	5	B	3	466	49
f108r	T	6	B	3	501	50
f108v	T	6	B	3	587	53
f111r	T	6	B	3	632	54
f111v	T	6	B	3	572	51
f112r	T	5	B	3	405	45
f112v	T	5	B	3	423	47
f113r	T	4	B	3	534	51
f113v	T	4	B	3	510	49
f114r	T	3	B	3	469	45
f114v	T	3	B	3	380	41
fRos	N	1	B	4	42	11
