rank,score,manuscript_id,folio_label,canvas_index,region_url,search_url,work_id,x,y,w,h,rotation_deg,base_width
1,0.4189774107483759,acq:71109ce9-6ded-4521-8c45-24b9a2532335,1414,1413,"https://rmda.kulib.kyoto-u.ac.jp/iiif/3/RB00008743%2F13%2FRB00008743_01414_0.ptif/1626,473,1020,714/full/600,/0/default.jpg","https://rmda.kulib.kyoto-u.ac.jp/iiif/3/RB00008743%2F13%2FRB00008743_01414_0.ptif/full/768,/0/default.jpg",101934,459,155,150,105,5.0,145
2,0.4209259753150646,zeg_horae_ad_usum_catalaunensem,NP,181,"https://gallica.bnf.fr/iiif/ark:/12148/bpt6k15113927/f182/239,917,556,410/full/600,/0/default.jpg","https://gallica.bnf.fr/iiif/ark:/12148/bpt6k15113927/f182/full/768,/0/default.jpg",552504,156,443,145,107,0.0,145
3,0.42103378236791844,arc_sv_prokop_microform_jeho_klaster_a_pamatka,677,665,"https://iiif.archive.org/image/iiif/3/MN5142ucmf_5%2FMN5142ucmf_5_tif.zip%2FMN5142ucmf_5_tif%2FMN5142ucmf_5_0677.tif/732,996,646,477/full/600,/0/default.jpg","https://iiif.archive.org/image/iiif/3/MN5142ucmf_5%2FMN5142ucmf_5_tif.zip%2FMN5142ucmf_5_tif%2FMN5142ucmf_5_0677.tif/full/768,/0/default.jpg",280975,330,417,145,107,0.0,145
4,0.4219532946724086,arch_cod_h45,Tail,289,"https://www.e-codices.unifr.ch/loris/phmb/phmb-H00045/phmb-H00045_e008.jp2/2278,3790,1968,1450/full/600,/0/default.jpg","https://www.e-codices.unifr.ch/loris/phmb/phmb-H00045/phmb-H00045_e008.jp2/full/768,/0/default.jpg",311835,336,512,145,107,0.0,145
5,0.42233487131030123,cpg_833,Oberschnitt,207,"https://digi.ub.uni-heidelberg.de/iiif/2/cpg833%3A101r.jpg/1590,458,749,554/full/600,/0/default.jpg","https://digi.ub.uni-heidelberg.de/iiif/2/cpg833%3A101r.jpg/full/768,/0/default.jpg",409040,573,188,145,107,0.0,145
6,0.42239745189900646,acq:e3fed553-8107-4536-9376-b650a7fd7755,image 132,131,"https://iiif-cloud.princeton.edu/iiif/2/3f%2F17%2F95%2F3f1795283b864bf096afca936a936884%2Fintermediate_file/2911,1291,1876,1385/full/600,/0/default.jpg","https://iiif-cloud.princeton.edu/iiif/2/3f%2F17%2F95%2F3f1795283b864bf096afca936a936884%2Fintermediate_file/full/768,/0/default.jpg",197436,433,207,145,107,0.0,145
7,0.4230411885244411,zod_besan_on_biblioth_que_municipale_ms_69,p. 137 - vue 2,68,"https://iiif.irht.cnrs.fr/iiif/ark:/63955/vt3yaxh2t1rw/459,783,696,487/full/600,/0/default.jpg","https://iiif.irht.cnrs.fr/iiif/ark:/63955/vt3yaxh2t1rw/full/768,/0/default.jpg",562879,220,323,150,105,5.0,145
8,0.4231679653485044,zod_lyon_biblioth_que_municipale_ms_539,f. 001v - vue 4,3,"https://iiif.irht.cnrs.fr/iiif/ark:/63955/v1mq2hnzhvwx/437,873,949,700/full/600,/0/default.jpg","https://iiif.irht.cnrs.fr/iiif/ark:/63955/v1mq2hnzhvwx/full/768,/0/default.jpg",567991,164,264,145,107,0.0,145
9,0.42373280215727216,zod_paris_biblioth_que_mazarine_ms_507,f. 069v,59,"https://iiif.irht.cnrs.fr/iiif/ark:/63955/vct10sh9ku56/828,153,589,434/full/600,/0/default.jpg","https://iiif.irht.cnrs.fr/iiif/ark:/63955/vct10sh9ku56/full/768,/0/default.jpg",571306,396,101,145,107,0.0,145
10,0.42381553704298325,acq:61168b29-40b2-49ec-ba86-859aa436b6de,17,16,"https://rmda.kulib.kyoto-u.ac.jp/iiif/3/RB00009453%2F01%2FRB00009453_00017_0.ptif/1425,931,986,726/full/600,/0/default.jpg","https://rmda.kulib.kyoto-u.ac.jp/iiif/3/RB00009453%2F01%2FRB00009453_00017_0.ptif/full/768,/0/default.jpg",88155,407,270,145,107,0.0,145
11,0.42398443708568656,herb_6bfd65319273,NP,74,"https://gallica.bnf.fr/iiif/ark:/12148/btv1b9068099k/f75/4390,1718,2794,2061/full/600,/0/default.jpg","https://gallica.bnf.fr/iiif/ark:/12148/btv1b9068099k/f75/full/768,/0/default.jpg",420453,438,189,145,107,0.0,145
12,0.4242186679977774,acq:61168b29-40b2-49ec-ba86-859aa436b6de,613,612,"https://rmda.kulib.kyoto-u.ac.jp/iiif/3/RB00009453%2F14%2FRB00009453_00613_0.ptif/1505,643,986,726/full/600,/0/default.jpg","https://rmda.kulib.kyoto-u.ac.jp/iiif/3/RB00009453%2F14%2FRB00009453_00613_0.ptif/full/768,/0/default.jpg",88751,427,198,145,107,0.0,145
13,0.42431257371319725,acq:50e23f45-547e-4cef-8f56-60ec8ecaa4fb,-,127,"https://iiif.wellcomecollection.org/image/b19295455_ms_790_0128.JP2/86,372,287,210/full/600,/0/default.jpg","https://iiif.wellcomecollection.org/image/b19295455_ms_790_0128.JP2/full/768,/0/default.jpg",74722,125,357,145,107,0.0,145
14,0.4250547058169181,acq:61168b29-40b2-49ec-ba86-859aa436b6de,319,318,"https://rmda.kulib.kyoto-u.ac.jp/iiif/3/RB00009453%2F08%2FRB00009453_00319_0.ptif/1637,159,986,726/full/600,/0/default.jpg","https://rmda.kulib.kyoto-u.ac.jp/iiif/3/RB00009453%2F08%2FRB00009453_00319_0.ptif/full/768,/0/default.jpg",88457,460,77,145,107,0.0,145
15,0.4250685771693006,acq:3a1aeaab-8b34-462f-bb57-218ada7c5866,Representative thumbnail,-2,,"https://sharedcanvas.be/IIIF/images/B_OB_MS510%3Ad219baa9-2507-11ec-8a56-fa78ce097218/full/768,/0/default.jpg",57258,584,57,145,107,0.0,145
16,0.42511828146164055,arc_lichtenberger_johannes_prognosticatio_ioannis_liecht,(0008),7,"https://api.digitale-sammlungen.de/iiif/image/v2/bsb00086358_00008/78,895,527,389/full/600,/0/default.jpg","https://api.digitale-sammlungen.de/iiif/image/v2/bsb00086358_00008/full/768,/0/default.jpg",263003,87,455,145,107,0.0,145
17,0.42517169035498803,mn_livre_d_heures_a_l_usage_d_un_diocese_de_flandre_bibli,tranche de queue,447,"https://gallica.bnf.fr/iiif/ark:/12148/btv1b55013304z/f448/175,193,239,176/full/600,/0/default.jpg","https://gallica.bnf.fr/iiif/ark:/12148/btv1b55013304z/f448/full/768,/0/default.jpg",466118,230,235,145,107,0.0,145
18,0.42526771492847726,arc_liber_chronicarum,570,570,"https://iiif.archive.org/image/iiif/3/A335107%2FA335107_jp2.zip%2FA335107_jp2%2FA335107_0570.jp2/400,1230,346,240/full/600,/0/default.jpg","https://iiif.archive.org/image/iiif/3/A335107%2FA335107_jp2.zip%2FA335107_jp2%2FA335107_0570.jp2/full/768,/0/default.jpg",261464,347,943,150,105,5.0,145
19,0.42529990065556966,mn_cambrai_bibliotheque_municipale_0087_0088,f. 047 - vue 1,117,"https://iiif.irht.cnrs.fr/iiif/ark:/63955/v1yfuqp4sqg1/0,1352,735,541/full/600,/0/default.jpg","https://iiif.irht.cnrs.fr/iiif/ark:/63955/v1yfuqp4sqg1/full/768,/0/default.jpg",450864,33,490,145,107,0.0,145
20,0.4255726727043427,acq:46bd124c-1bc4-4715-a0ec-b738f72eac2b,head,585,"https://iiif-cloud.princeton.edu/iiif/2/b9%2F18%2F10%2Fb91810ae09c64a8a836ee05275c7f7f3%2Fintermediate_file/606,1324,1603,1182/full/600,/0/default.jpg","https://iiif-cloud.princeton.edu/iiif/2/b9%2F18%2F10%2Fb91810ae09c64a8a836ee05275c7f7f3%2Fintermediate_file/full/768,/0/default.jpg",66833,144,241,145,107,0.0,145
21,0.42560272660387466,zeg_heures_de_jacques_ii_nal_3231,tranche sup.,555,"https://gallica.bnf.fr/iiif/ark:/12148/btv1b100254479/f556/278,552,424,312/full/600,/0/default.jpg","https://gallica.bnf.fr/iiif/ark:/12148/btv1b100254479/f556/full/768,/0/default.jpg",552095,212,358,145,107,0.0,145
22,0.4258197807433044,acq:7f94fef7-cef1-47a5-8b20-449e73010dad,Representative thumbnail,-2,,"https://images.lib.cam.ac.uk/iiif/MS-ADD-03120-000-00001.jp2/full/768,/0/default.jpg",113762,261,848,145,107,0.0,145
23,0.4258435127208805,acq:e3fed553-8107-4536-9376-b650a7fd7755,image 293,292,"https://iiif-cloud.princeton.edu/iiif/2/6a%2Fc0%2Fdc%2F6ac0dc4123d04959914481d9f191601e%2Fintermediate_file/1120,1618,1988,1391/full/600,/0/default.jpg","https://iiif-cloud.princeton.edu/iiif/2/6a%2Fc0%2Fdc%2F6ac0dc4123d04959914481d9f191601e%2Fintermediate_file/full/768,/0/default.jpg",197611,196,244,150,105,5.0,145
24,0.42591867487110313,mn_hours_of_the_virgin_use_of_rome_1967_30_120,384,384,"https://iiif.archive.org/image/iiif/3/1967_30_120%2F1967_30_120_jp2.zip%2F1967_30_120_jp2%2F1967_30_120_0384.jp2/559,2307,556,410/full/600,/0/default.jpg","https://iiif.archive.org/image/iiif/3/1967_30_120%2F1967_30_120_jp2.zip%2F1967_30_120_jp2%2F1967_30_120_0384.jp2/full/768,/0/default.jpg",458894,297,1056,145,107,0.0,145
25,0.4261411259490886,zod_lyon_biblioth_que_municipale_ms_539,f. 114v - vue 1,62,"https://iiif.irht.cnrs.fr/iiif/ark:/63955/vtq0w838cy1u/1094,409,972,716/full/600,/0/default.jpg","https://iiif.irht.cnrs.fr/iiif/ark:/63955/vtq0w838cy1u/full/768,/0/default.jpg",568050,328,141,145,107,0.0,145
26,0.42616966171729115,zod_paris_biblioth_que_mazarine_ms_502,f. 086v - vue 1,85,"https://iiif.irht.cnrs.fr/iiif/ark:/63955/v06ue1lueqxy/415,1023,603,420/full/600,/0/default.jpg","https://iiif.irht.cnrs.fr/iiif/ark:/63955/v06ue1lueqxy/full/768,/0/default.jpg",571222,228,469,150,105,5.0,145
27,0.42642303511657786,arch_vat_lat_1960,263r,528,"https://digi.vatlib.it/iiifimage/MSS_Vat.lat.1960/Vat.lat.1960_0529_fa_0263r.jp2/1067,517,886,619/full/600,/0/default.jpg","https://digi.vatlib.it/iiifimage/MSS_Vat.lat.1960/Vat.lat.1960_0529_fa_0263r.jp2/full/768,/0/default.jpg",328513,359,185,150,105,5.0,145
28,0.42657506666516615,acq:e3fed553-8107-4536-9376-b650a7fd7755,image 163,162,"https://iiif-cloud.princeton.edu/iiif/2/58%2F08%2F28%2F5808285c4fef4ffe9f57e834cc740bf3%2Fintermediate_file/3769,2412,1871,1381/full/600,/0/default.jpg","https://iiif-cloud.princeton.edu/iiif/2/58%2F08%2F28%2F5808285c4fef4ffe9f57e834cc740bf3%2Fintermediate_file/full/768,/0/default.jpg",197470,547,355,145,107,0.0,145
29,0.42665917811844145,arc_lichtenberger_johannes_prognosticatio_ioannis_liecht,(0083),82,"https://api.digitale-sammlungen.de/iiif/image/v2/bsb00086358_00083/465,175,540,376/full/600,/0/default.jpg","https://api.digitale-sammlungen.de/iiif/image/v2/bsb00086358_00083/full/768,/0/default.jpg",263023,272,119,150,105,5.0,145
30,0.4267493468511535,arch_vat_borgh_225,135r,272,"https://digi.vatlib.it/iiifimage/MSS_Borgh.225/Borgh.225_0273_fa_0135r.jp2/1254,1997,715,501/full/600,/0/default.jpg","https://digi.vatlib.it/iiifimage/MSS_Borgh.225/Borgh.225_0273_fa_0135r.jp2/full/768,/0/default.jpg",322746,499,748,150,105,5.0,145
31,0.42702417920711166,arch_vat_borgh_225,116v,235,"https://digi.vatlib.it/iiifimage/MSS_Borgh.225/Borgh.225_0236_fa_0116v.jp2/178,179,691,510/full/600,/0/default.jpg","https://digi.vatlib.it/iiifimage/MSS_Borgh.225/Borgh.225_0236_fa_0116v.jp2/full/768,/0/default.jpg",322709,114,101,145,107,0.0,145
32,0.42716246703652555,zeg_paris_bibliotheque_sainte_genevieve_ms_1273,f. 029,71,"https://iiif.irht.cnrs.fr/iiif/ark:/63955/vnycy0hi7a5u/79,470,891,624/full/600,/0/default.jpg","https://iiif.irht.cnrs.fr/iiif/ark:/63955/vnycy0hi7a5u/full/768,/0/default.jpg",556226,75,171,150,105,5.0,145
33,0.42736742997434474,acq:68ef9516-68c1-45d9-a5a9-5b27c1cee9fd,587,586,"https://rmda.kulib.kyoto-u.ac.jp/iiif/3/RB00015064%2F11%EF%BC%8612%2FRB00015064_00587_0.ptif/618,2527,2079,1535/full/600,/0/default.jpg","https://rmda.kulib.kyoto-u.ac.jp/iiif/3/RB00015064%2F11%EF%BC%8612%2FRB00015064_00587_0.ptif/full/768,/0/default.jpg",93280,124,337,145,107,0.0,145
34,0.42749818949011287,acq:3830f261-e738-4fb6-9be9-a9eaed90e64e,front cover,0,"https://iiif-cloud.princeton.edu/iiif/2/90%2F8a%2Fc9%2F908ac93901ce4b0fa0d0f74ece1f09be%2Fintermediate_file/0,3972,1229,860/full/600,/0/default.jpg","https://iiif-cloud.princeton.edu/iiif/2/90%2F8a%2Fc9%2F908ac93901ce4b0fa0d0f74ece1f09be%2Fintermediate_file/full/768,/0/default.jpg",55049,37,861,150,105,5.0,145
35,0.4275050188538247,herb_6bfd65319273,NP,107,"https://gallica.bnf.fr/iiif/ark:/12148/btv1b9068099k/f108/4172,947,2790,2060/full/600,/0/default.jpg","https://gallica.bnf.fr/iiif/ark:/12148/btv1b9068099k/f108/full/768,/0/default.jpg",420488,419,121,145,107,0.0,145
36,0.4275207341135879,mn_munchen_bayerische_staatsbibliothek_clm_10094,(0286),285,"https://api.digitale-sammlungen.de/iiif/image/v2/bsb00112103_00286/11,199,433,318/full/600,/0/default.jpg","https://api.digitale-sammlungen.de/iiif/image/v2/bsb00112103_00286/full/768,/0/default.jpg",487853,57,150,145,107,0.0,145
37,0.4275410775601668,acq:61168b29-40b2-49ec-ba86-859aa436b6de,690,689,"https://rmda.kulib.kyoto-u.ac.jp/iiif/3/RB00009453%2F15%2FRB00009453_00690_0.ptif/1773,571,986,726/full/600,/0/default.jpg","https://rmda.kulib.kyoto-u.ac.jp/iiif/3/RB00009453%2F15%2FRB00009453_00690_0.ptif/full/768,/0/default.jpg",88828,494,180,145,107,0.0,145
38,0.4275768945705546,acq:71109ce9-6ded-4521-8c45-24b9a2532335,1916,1915,"https://rmda.kulib.kyoto-u.ac.jp/iiif/3/RB00008743%2F17%2FRB00008743_01916_0.ptif/1757,379,986,726/full/600,/0/default.jpg","https://rmda.kulib.kyoto-u.ac.jp/iiif/3/RB00008743%2F17%2FRB00008743_01916_0.ptif/full/768,/0/default.jpg",102436,490,132,145,107,0.0,145
39,0.427603643372424,vat_gr_1059,15,14,"https://digi.vatlib.it/iiifimage/MSS_Vat.gr.1059/Vat.gr.1059_0015.jp2/1429,601,823,608/full/600,/0/default.jpg","https://digi.vatlib.it/iiifimage/MSS_Vat.gr.1059/Vat.gr.1059_0015.jp2/full/768,/0/default.jpg",539269,478,217,145,107,0.0,145
40,0.42761421563008306,zeg_chaumont_bibliotheque_municipale_ms_32,f. 004v - vue 1,21,"https://iiif.irht.cnrs.fr/iiif/ark:/63955/vgifgo1vmg9k/0,2526,672,497/full/600,/0/default.jpg","https://iiif.irht.cnrs.fr/iiif/ark:/63955/vgifgo1vmg9k/full/768,/0/default.jpg",550177,44,961,145,107,0.0,145
41,0.42762287621175865,acq:e3fed553-8107-4536-9376-b650a7fd7755,image 147,146,"https://iiif-cloud.princeton.edu/iiif/2/ac%2F33%2F2a%2Fac332afa157944aa8e68df108b64c39f%2Fintermediate_file/421,400,1876,1385/full/600,/0/default.jpg","https://iiif-cloud.princeton.edu/iiif/2/ac%2F33%2F2a%2Fac332afa157944aa8e68df108b64c39f%2Fintermediate_file/full/768,/0/default.jpg",197453,106,90,145,107,0.0,145
42,0.4276547593248585,merlon_beinecke_ms_327_venice,[Fore-edge],145,"https://collections.library.yale.edu/iiif/2/14892487/414,4052,308,216/full/600,/0/default.jpg","https://collections.library.yale.edu/iiif/2/14892487/full/768,/0/default.jpg",434285,392,3368,150,105,5.0,145
43,0.42769420339747616,arc_barb_lat_2733_pt_1,taglio.inferiore,605,"https://digi.vatlib.it/iiifimage/MSS_Barb.lat.2733.pt.1/Barb.lat.2733.pt.1_0606_yn_taglio.inferiore.jp2/401,1764,469,347/full/600,/0/default.jpg","https://digi.vatlib.it/iiifimage/MSS_Barb.lat.2733.pt.1/Barb.lat.2733.pt.1_0606_yn_taglio.inferiore.jp2/full/768,/0/default.jpg",229328,260,960,145,107,0.0,145
44,0.427797402455822,acq:e3fed553-8107-4536-9376-b650a7fd7755,image 116,115,"https://iiif-cloud.princeton.edu/iiif/2/44%2Fb9%2F59%2F44b959a1ccbe475eb60b6a31f8b7c91e%2Fintermediate_file/495,1499,1531,1069/full/600,/0/default.jpg","https://iiif-cloud.princeton.edu/iiif/2/44%2Fb9%2F59%2F44b959a1ccbe475eb60b6a31f8b7c91e%2Fintermediate_file/full/768,/0/default.jpg",197419,107,227,119,83,5.0,115
45,0.427988502554177,acq:02395a56-6ac4-43b6-a3db-9f11cfe13f7f,Representative thumbnail,-2,,https://digi.vatlib.it/pub/digit/MSS_Pal.lat.1125/cover/cover.jpg,2870,13,145,145,107,0.0,145
46,0.42800341529484753,arch_cod_sang_931,Head,294,"https://www.e-codices.unifr.ch/loris/csg/csg-0931/csg-0931_e007.jp2/2190,6058,1968,1450/full/600,/0/default.jpg","https://www.e-codices.unifr.ch/loris/csg/csg-0931/csg-0931_e007.jp2/full/768,/0/default.jpg",318253,325,796,145,107,0.0,145
47,0.42807690059426795,zod_besan_on_biblioth_que_municipale_ms_69,p. 595 - vue 1,147,"https://iiif.irht.cnrs.fr/iiif/ark:/63955/vc02lr61twzb/1445,387,672,497/full/600,/0/default.jpg","https://iiif.irht.cnrs.fr/iiif/ark:/63955/vc02lr61twzb/full/768,/0/default.jpg",562958,579,179,145,107,0.0,145
48,0.42815371074574005,herb_6bfd65319273,NP,109,"https://gallica.bnf.fr/iiif/ark:/12148/btv1b9068099k/f110/3937,4122,2794,2061/full/600,/0/default.jpg","https://gallica.bnf.fr/iiif/ark:/12148/btv1b9068099k/f110/full/768,/0/default.jpg",420490,398,401,145,107,0.0,145
49,0.4281610526459576,arch_vat_lat_2414,taglio.centrale,443,"https://digi.vatlib.it/iiifimage/MSS_Vat.lat.2414/Vat.lat.2414_0444_yl_taglio.centrale.jp2/290,242,268,197/full/600,/0/default.jpg","https://digi.vatlib.it/iiifimage/MSS_Vat.lat.2414/Vat.lat.2414_0444_yl_taglio.centrale.jp2/full/768,/0/default.jpg",329888,316,258,145,107,0.0,145
50,0.42816537489825535,acq:0f1c1f9c-0ac1-43f7-a60c-2ae8f30a9af3,109,108,"https://rmda.kulib.kyoto-u.ac.jp/iiif/3/RB00033956%2FRB00033956_00109_0.ptif/1802,912,2788,2056/full/600,/0/default.jpg","https://rmda.kulib.kyoto-u.ac.jp/iiif/3/RB00033956%2FRB00033956_00109_0.ptif/full/768,/0/default.jpg",15753,210,118,145,107,0.0,145
51,0.42825796667456584,pal_lat_126,taglio.inferiore,891,"https://digi.vatlib.it/iiifimage/MSS_Pal.lat.126/Pal.lat.126_0892_yn_taglio.inferiore.jp2/280,119,454,336/full/600,/0/default.jpg","https://digi.vatlib.it/iiifimage/MSS_Pal.lat.126/Pal.lat.126_0892_yn_taglio.inferiore.jp2/full/768,/0/default.jpg",524370,202,102,145,107,0.0,145
52,0.428276720915184,acq:56986028-1320-434b-9c48-6664c835d646,image 387,386,"https://iiif-cloud.princeton.edu/iiif/2/c5%2Ffc%2F67%2Fc5fc6721f0d84023ad9a85015f24695a%2Fintermediate_file/2858,636,1585,1109/full/600,/0/default.jpg","https://iiif-cloud.princeton.edu/iiif/2/c5%2Ffc%2F67%2Fc5fc6721f0d84023ad9a85015f24695a%2Fintermediate_file/full/768,/0/default.jpg",77961,512,139,150,105,5.0,145
53,0.4283132121497579,mn_amiens_bibliotheque_municipale_lescalopier_017,f.,233,"https://iiif.irht.cnrs.fr/iiif/ark:/63955/vzxaxkx3ayft/1995,0,1065,745/full/600,/0/default.jpg","https://iiif.irht.cnrs.fr/iiif/ark:/63955/vzxaxkx3ayft/full/768,/0/default.jpg",438543,530,0,150,105,5.0,145
54,0.42833794272087533,acq:8b81c61f-bab4-4c19-b278-7b314c261a3f,head,664,"https://iiif-cloud.princeton.edu/iiif/2/6a%2Fe7%2F1f%2F6ae71fb888164e23b751d0ae5b1bc43e%2Fintermediate_file/2121,1737,1940,1433/full/600,/0/default.jpg","https://iiif-cloud.princeton.edu/iiif/2/6a%2Fe7%2F1f%2F6ae71fb888164e23b751d0ae5b1bc43e%2Fintermediate_file/full/768,/0/default.jpg",122148,320,258,145,107,0.0,145
55,0.42835925806677144,acq:71109ce9-6ded-4521-8c45-24b9a2532335,2204,2203,"https://rmda.kulib.kyoto-u.ac.jp/iiif/3/RB00008743%2F19%2FRB00008743_02204_0.ptif/1585,635,986,726/full/600,/0/default.jpg","https://rmda.kulib.kyoto-u.ac.jp/iiif/3/RB00008743%2F19%2FRB00008743_02204_0.ptif/full/768,/0/default.jpg",102724,447,196,145,107,0.0,145
56,0.42849905376554226,acq:a1680dea-9a53-46e1-9b33-5e4c2e116a40,-,129,"https://iiif.wellcomecollection.org/image/b19553833_0130.jp2/209,420,249,182/full/600,/0/default.jpg","https://iiif.wellcomecollection.org/image/b19553833_0130.jp2/full/768,/0/default.jpg",142315,257,452,145,107,0.0,145
57,0.4287247651442273,acq:2723054f-d19b-42bd-98f7-2c2d5a1e3776,9226_0292_web.jpg,292,,https://openn.library.upenn.edu/Data/0023/lewis_o_126/data/web/9226_0292_web.jpg,37945,209,1243,145,107,0.0,145
58,0.42877552673215635,acq:344d37e7-c37a-45f0-95ad-d74eb2a4c248,Lower cover. outside,335,"https://iiif-cloud.princeton.edu/iiif/2/f1%2Fc6%2F79%2Ff1c679a73c5241e887f759d046919517%2Fintermediate_file/3442,961,1939,1357/full/600,/0/default.jpg","https://iiif-cloud.princeton.edu/iiif/2/f1%2Fc6%2F79%2Ff1c679a73c5241e887f759d046919517%2Fintermediate_file/full/768,/0/default.jpg",50743,505,163,150,105,5.0,145
59,0.4288224484867908,arc_die_historischen_und_philosophischen_handschriften_d,a,0,"https://digi.ub.uni-heidelberg.de/iiif/2/walz1999%3A00000a.jpg/1099,174,672,496/full/600,/0/default.jpg","https://digi.ub.uni-heidelberg.de/iiif/2/walz1999%3A00000a.jpg/full/768,/0/default.jpg",247475,453,101,145,107,0.0,145
60,0.4289039706084177,acq:4b125d0b-349a-42f8-b6ba-674db05c2fac,image 10,9,"https://iiif-cloud.princeton.edu/iiif/2/09%2Ff3%2F0f%2F09f30fd903814e40b3f3615c49055f34%2Fintermediate_file/2518,903,1202,841/full/600,/0/default.jpg","https://iiif-cloud.princeton.edu/iiif/2/09%2Ff3%2F0f%2F09f30fd903814e40b3f3615c49055f34%2Fintermediate_file/full/768,/0/default.jpg",71469,586,228,150,105,5.0,145
61,0.42894037483826075,acq:6eca1c0e-2f15-4bee-922e-5ae6c6cef435,(0046),45,"https://api.digitale-sammlungen.de/iiif/image/v2/bsb00106449_00046/458,1623,454,336/full/600,/0/default.jpg","https://api.digitale-sammlungen.de/iiif/image/v2/bsb00106449_00046/full/768,/0/default.jpg",97030,298,916,145,107,0.0,145
62,0.42902627859136455,acq:5fc14f3c-f5a1-4be7-92b3-84ffbe721b1a,9710_0372_web.jpg,372,,https://openn.library.upenn.edu/Data/0003/bv_051/data/web/9710_0372_web.jpg,86732,158,758,145,107,0.0,145
63,0.42922688122361713,urb_lat_281,59v-60r,62,"https://digi.vatlib.it/iiifimage/MSS_Urb.lat.281/Urb.lat.281_0063_fa_0059v-60r.jp2/2214,783,1424,1050/full/600,/0/default.jpg","https://digi.vatlib.it/iiifimage/MSS_Urb.lat.281/Urb.lat.281_0063_fa_0059v-60r.jp2/full/768,/0/default.jpg",537883,434,173,145,107,0.0,145
64,0.42922804852276986,zeg_paris_petit_palais_musee_des_beaux_arts_de_la_ville_,plat inférieur,1,"https://iiif.irht.cnrs.fr/iiif/ark:/63955/vtur8nxbcf5q/0,4,1746,1288/full/600,/0/default.jpg","https://iiif.irht.cnrs.fr/iiif/ark:/63955/vtur8nxbcf5q/full/768,/0/default.jpg",556319,12,38,145,107,0.0,145
65,0.42925240066896114,acq:e3fed553-8107-4536-9376-b650a7fd7755,image 25,24,"https://iiif-cloud.princeton.edu/iiif/2/c4%2F5e%2F13%2Fc45e13ad9f89429a964394707082cc09%2Fintermediate_file/788,936,1896,1400/full/600,/0/default.jpg","https://iiif-cloud.princeton.edu/iiif/2/c4%2F5e%2F13%2Fc45e13ad9f89429a964394707082cc09%2Fintermediate_file/full/768,/0/default.jpg",197320,153,159,145,107,0.0,145
66,0.42932801422144956,arc_ortus_sanitatis,379r (0760),759,"https://api.digitale-sammlungen.de/iiif/image/v2/bsb00027846_00760/409,2560,905,632/full/600,/0/default.jpg","https://api.digitale-sammlungen.de/iiif/image/v2/bsb00027846_00760/full/768,/0/default.jpg",269516,133,601,119,83,5.0,115
67,0.4293747438688297,mn_gotha_forschungsbibliothek_gotha_chart_a_13,urn:nbn:de:urmel-47190add-fe58-43c4-99c5-1154421770ee9-00014800-3459,344,"https://dhb.thulb.uni-jena.de/api/iiif/image/v2/ufb_derivate_00014800%2FChart-A-00013_00345.tif/576,3747,702,520/full/600,/0/default.jpg","https://dhb.thulb.uni-jena.de/api/iiif/image/v2/ufb_derivate_00014800%2FChart-A-00013_00345.tif/full/768,/0/default.jpg",453812,252,1349,145,107,0.0,145
68,0.4294374538155459,acq:71109ce9-6ded-4521-8c45-24b9a2532335,2280,2279,"https://rmda.kulib.kyoto-u.ac.jp/iiif/3/RB00008743%2F20%2FRB00008743_02280_0.ptif/1745,455,986,726/full/600,/0/default.jpg","https://rmda.kulib.kyoto-u.ac.jp/iiif/3/RB00008743%2F20%2FRB00008743_02280_0.ptif/full/768,/0/default.jpg",102800,487,151,145,107,0.0,145
69,0.4294432967450478,arc_medizinische_sammelhandschrift,200r,413,"https://digi.ub.uni-heidelberg.de/iiif/2/cpl1080%3A200r.jpg/939,668,512,379/full/600,/0/default.jpg","https://digi.ub.uni-heidelberg.de/iiif/2/cpl1080%3A200r.jpg/full/768,/0/default.jpg",264945,501,358,145,107,0.0,145
70,0.42950532405961245,reg_lat_1330,taglio.centrale,182,"https://digi.vatlib.it/iiifimage/MSS_Reg.lat.1330/Reg.lat.1330_0183_yl_taglio.centrale.jp2/118,441,167,117/full/600,/0/default.jpg","https://digi.vatlib.it/iiifimage/MSS_Reg.lat.1330/Reg.lat.1330_0183_yl_taglio.centrale.jp2/full/768,/0/default.jpg",532759,231,707,150,105,5.0,145
71,0.42952527677579083,arc_liber_chronicarum,124,124,"https://iiif.archive.org/image/iiif/3/A335107%2FA335107_jp2.zip%2FA335107_jp2%2FA335107_0124.jp2/49,674,345,254/full/600,/0/default.jpg","https://iiif.archive.org/image/iiif/3/A335107%2FA335107_jp2.zip%2FA335107_jp2%2FA335107_0124.jp2/full/768,/0/default.jpg",260997,86,519,145,107,0.0,145
72,0.4296200610840911,mn_cambrai_bibliotheque_municipale_0087_0088,f. 113 - vue 1,280,"https://iiif.irht.cnrs.fr/iiif/ark:/63955/vz4kyethuo84/461,1530,1663,1226/full/600,/0/default.jpg","https://iiif.irht.cnrs.fr/iiif/ark:/63955/vz4kyethuo84/full/768,/0/default.jpg",451029,119,264,145,107,0.0,145
73,0.429670090830565,herb_4a0176b850ed,NP,7,"https://gallica.bnf.fr/iiif/ark:/12148/bpt6k10953660/f8/386,1064,526,389/full/600,/0/default.jpg","https://gallica.bnf.fr/iiif/ark:/12148/bpt6k10953660/f8/full/768,/0/default.jpg",417588,231,535,145,107,0.0,145
74,0.4297027507459712,zod_lyon_biblioth_que_municipale_ms_1390,f. 008 - vue 4,31,"https://iiif.irht.cnrs.fr/iiif/ark:/63955/vfckpb6943bf/1169,2476,643,473/full/600,/0/default.jpg","https://iiif.irht.cnrs.fr/iiif/ark:/63955/vfckpb6943bf/full/768,/0/default.jpg",566167,498,985,145,107,0.0,145
75,0.4297657587280759,acq:e869ee19-5cf6-4f77-b262-6f5a1697be0c,front cover,0,"https://iiif-cloud.princeton.edu/iiif/2/74%2F68%2F45%2F746845f99cdc459393208f6129c7f18f%2Fintermediate_file/2206,1684,1327,929/full/600,/0/default.jpg","https://iiif-cloud.princeton.edu/iiif/2/74%2F68%2F45%2F746845f99cdc459393208f6129c7f18f%2Fintermediate_file/full/768,/0/default.jpg",201646,476,360,150,105,5.0,145
76,0.4298284133998991,arc_the_manx_dictionary,0,0,"https://iiif.archive.org/image/iiif/3/cu31924027086945%2Fcu31924027086945_jp2.zip%2Fcu31924027086945_jp2%2Fcu31924027086945_0000.jp2/643,1001,472,331/full/600,/0/default.jpg","https://iiif.archive.org/image/iiif/3/cu31924027086945%2Fcu31924027086945_jp2.zip%2Fcu31924027086945_jp2%2Fcu31924027086945_0000.jp2/full/768,/0/default.jpg",283837,399,576,150,105,5.0,145
77,0.4298309650236766,zod_vatican_biblioteca_apostolica_vaticana_vat_lat_3767,taglio.anteriore,290,"https://digi.vatlib.it/iiifimage/MSS_Vat.lat.3767/Vat.lat.3767_0291_yl_taglio.anteriore.jp2/160,437,206,152/full/600,/0/default.jpg","https://digi.vatlib.it/iiifimage/MSS_Vat.lat.3767/Vat.lat.3767_0291_yl_taglio.anteriore.jp2/full/768,/0/default.jpg",574572,240,556,145,107,0.0,145
78,0.4298367870633174,herb_2d835cd9812e,page de garde recto,2,"https://gallica.bnf.fr/iiif/ark:/12148/bpt6k1095367d/f3/694,1269,595,439/full/600,/0/default.jpg","https://gallica.bnf.fr/iiif/ark:/12148/bpt6k1095367d/f3/full/768,/0/default.jpg",416853,337,561,145,107,0.0,145
79,0.4299032859063266,pal_lat_1417,piatto.anteriore,0,"https://digi.vatlib.it/iiifimage/MSS_Pal.lat.1417/Pal.lat.1417_0001_al_piatto.anteriore.jp2/568,1934,444,328/full/600,/0/default.jpg","https://digi.vatlib.it/iiifimage/MSS_Pal.lat.1417/Pal.lat.1417_0001_al_piatto.anteriore.jp2/full/768,/0/default.jpg",527942,289,878,115,85,0.0,115
80,0.4299535374793336,herb_2d835cd9812e,CLIIIv,311,"https://gallica.bnf.fr/iiif/ark:/12148/bpt6k1095367d/f312/409,867,570,420/full/600,/0/default.jpg","https://gallica.bnf.fr/iiif/ark:/12148/bpt6k1095367d/f312/full/768,/0/default.jpg",417165,227,411,145,107,0.0,145
81,0.4299647605438647,acq:fa27811f-64b9-428b-930f-8d5de1254fd7,603,602,"https://iiif-cloud.princeton.edu/iiif/2/1a%2F27%2F62%2F1a276263cb9c41e99a7897e98a4d5e05%2Fintermediate_file/545,3056,1365,1007/full/600,/0/default.jpg","https://iiif-cloud.princeton.edu/iiif/2/1a%2F27%2F62%2F1a276263cb9c41e99a7897e98a4d5e05%2Fintermediate_file/full/768,/0/default.jpg",216557,149,589,145,107,0.0,145
82,0.4299737055786164,zeg_book_of_hours_use_of_rome_1945_65_13,396,396,"https://iiif.archive.org/image/iiif/3/1945_65_13%2F1945_65_13_jp2.zip%2F1945_65_13_jp2%2F1945_65_13_0396.jp2/676,3454,444,328/full/600,/0/default.jpg","https://iiif.archive.org/image/iiif/3/1945_65_13%2F1945_65_13_jp2.zip%2F1945_65_13_jp2%2F1945_65_13_0396.jp2/full/768,/0/default.jpg",548374,424,1947,145,107,0.0,145
83,0.43018407232183686,zod_lyon_biblioth_que_municipale_ms_5996,f. 024v-025,44,"https://iiif.irht.cnrs.fr/iiif/ark:/63955/vtscd0ul5cjo/2228,1145,1584,1108/full/600,/0/default.jpg","https://iiif.irht.cnrs.fr/iiif/ark:/63955/vtscd0ul5cjo/full/768,/0/default.jpg",568195,411,221,150,105,5.0,145
84,0.43027796395716544,arch_clm_3712,(0001),0,"https://api.digitale-sammlungen.de/iiif/image/v2/bsb00114257_00001/67,1198,429,317/full/600,/0/default.jpg","https://api.digitale-sammlungen.de/iiif/image/v2/bsb00114257_00001/full/768,/0/default.jpg",307072,89,724,145,107,0.0,145
85,0.4303063171207276,zod_amiens_biblioth_ques_d_amiens_m_tropole_ms_2556,f. 010 - vue 3,27,"https://iiif.irht.cnrs.fr/iiif/ark:/63955/vzcck1q8dbfl/431,945,627,438/full/600,/0/default.jpg","https://iiif.irht.cnrs.fr/iiif/ark:/63955/vzcck1q8dbfl/full/768,/0/default.jpg",560480,228,421,150,105,5.0,145
86,0.4303270193922162,zeg_lyon_bibliotheque_municipale_ms_5140,f. 049 - vue 1,55,"https://iiif.irht.cnrs.fr/iiif/ark:/63955/vk64dbeyf7t7/366,2006,1056,779/full/600,/0/default.jpg","https://iiif.irht.cnrs.fr/iiif/ark:/63955/vk64dbeyf7t7/full/768,/0/default.jpg",554076,136,505,145,107,0.0,145
87,0.4303553376465201,acq:7668070e-8c97-4ed2-b401-708cdf1bf417,fore-edge,445,"https://iiif-cloud.princeton.edu/iiif/2/08%2Fe3%2Fa3%2F08e3a38984f2418b8f76c0fec09f35aa%2Fintermediate_file/2297,1081,1435,1059/full/600,/0/default.jpg","https://iiif-cloud.princeton.edu/iiif/2/08%2Fe3%2Fa3%2F08e3a38984f2418b8f76c0fec09f35aa%2Fintermediate_file/full/768,/0/default.jpg",107626,445,223,145,107,0.0,145
88,0.4303717275381361,acq:d9a11f7c-eae6-4519-8271-9ad362438e2d, - ,2,"https://digi.landesbibliothek.at/viewer/api/v1/records/471/files/images/00000003.tif/1267,193,1260,930/full/600,/0/default.jpg","https://digi.landesbibliothek.at/viewer/api/v1/records/471/files/images/00000003.tif/full/768,/0/default.jpg",188462,298,75,145,107,0.0,145
89,0.43038461753695134,arc_the_follies_of_science_at_the_court_of_rudolph_ii_15,121,120,"https://iiif.archive.org/image/iiif/3/folliesofscience00boltrich%2Ffolliesofscience00boltrich_jp2.zip%2Ffolliesofscience00boltrich_jp2%2Ffolliesofscience00boltrich_0121.jp2/0,2554,773,569/full/600,/0/default.jpg","https://iiif.archive.org/image/iiif/3/folliesofscience00boltrich%2Ffolliesofscience00boltrich_jp2.zip%2Ffolliesofscience00boltrich_jp2%2Ffolliesofscience00boltrich_0121.jp2/full/768,/0/default.jpg",283563,15,852,145,107,0.0,145
90,0.430390313317005,zeg_aurillac_mediatheque_communautaire_2_8,f. 087 - vue 2,93,"https://iiif.irht.cnrs.fr/iiif/ark:/63955/vzkl57k7ypze/688,180,658,537/full/600,/0/default.jpg","https://iiif.irht.cnrs.fr/iiif/ark:/63955/vzkl57k7ypze/full/768,/0/default.jpg",544043,301,106,142,116,-5.0,145
91,0.4304698130705929,acq:adef9a22-b62b-4bae-91ed-39e2b6dd6c33,image 160,159,"https://iiif-cloud.princeton.edu/iiif/2/f9%2Ffa%2Fa6%2Ff9faa6012ab34756ac72fffb0bd4d56a%2Fintermediate_file/2438,692,1487,1095/full/600,/0/default.jpg","https://iiif-cloud.princeton.edu/iiif/2/f9%2Ffa%2Fa6%2Ff9faa6012ab34756ac72fffb0bd4d56a%2Fintermediate_file/full/768,/0/default.jpg",152148,455,152,145,107,0.0,145
92,0.4304700054506104,acq:e3fed553-8107-4536-9376-b650a7fd7755,image 274,273,"https://iiif-cloud.princeton.edu/iiif/2/5f%2F7e%2F02%2F5f7e02a680c44b91ae264e8d2cdecd86%2Fintermediate_file/3468,1262,1901,1404/full/600,/0/default.jpg","https://iiif-cloud.princeton.edu/iiif/2/5f%2F7e%2F02%2F5f7e02a680c44b91ae264e8d2cdecd86%2Fintermediate_file/full/768,/0/default.jpg",197590,500,201,145,107,0.0,145
93,0.4304759167991776,acq:68ef9516-68c1-45d9-a5a9-5b27c1cee9fd,512,511,"https://rmda.kulib.kyoto-u.ac.jp/iiif/3/RB00015064%2F09%EF%BC%8610%2FRB00015064_00512_0.ptif/3479,1549,2079,1535/full/600,/0/default.jpg","https://rmda.kulib.kyoto-u.ac.jp/iiif/3/RB00015064%2F09%EF%BC%8610%2FRB00015064_00512_0.ptif/full/768,/0/default.jpg",93205,463,221,145,107,0.0,145
94,0.4305569000063605,herb_59fe24a447cc,plat supérieur,0,"https://iiif.irht.cnrs.fr/iiif/ark:/63955/ve0ykjhujuf8/4722,2805,2084,1537/full/600,/0/default.jpg","https://iiif.irht.cnrs.fr/iiif/ark:/63955/ve0ykjhujuf8/full/768,/0/default.jpg",419067,609,369,145,107,0.0,145
95,0.4305595048117584,acq:cdb7ec03-367d-4f13-94cf-de3046a30e75,Upper cover. outside,0,"https://iiif-cloud.princeton.edu/iiif/2/00%2Fb6%2F31%2F00b63191928f46c78748df5d690abdfc%2Fintermediate_file/1735,470,1531,1129/full/600,/0/default.jpg","https://iiif-cloud.princeton.edu/iiif/2/00%2Fb6%2F31%2F00b63191928f46c78748df5d690abdfc%2Fintermediate_file/full/768,/0/default.jpg",182188,330,113,145,107,0.0,145
96,0.4306222960995077,acq:e3fed553-8107-4536-9376-b650a7fd7755,image 28,27,"https://iiif-cloud.princeton.edu/iiif/2/48%2Feb%2Ff5%2F48ebf54c4da54739a84f5460cde399f5%2Fintermediate_file/1134,2206,1896,1400/full/600,/0/default.jpg","https://iiif-cloud.princeton.edu/iiif/2/48%2Feb%2Ff5%2F48ebf54c4da54739a84f5460cde399f5%2Fintermediate_file/full/768,/0/default.jpg",197324,198,324,145,107,0.0,145
97,0.43062662600707075,acq:6c9f045d-e287-4d72-99dd-1e8454494436,Upper cover. outside,0,"https://iiif-cloud.princeton.edu/iiif/2/9b%2Fec%2Fbb%2F9becbb3b0e794255af925237cdf091d6%2Fintermediate_file/2328,6093,1663,1166/full/600,/0/default.jpg","https://iiif-cloud.princeton.edu/iiif/2/9b%2Fec%2Fbb%2F9becbb3b0e794255af925237cdf091d6%2Fintermediate_file/full/768,/0/default.jpg",95732,409,970,150,105,5.0,145
98,0.4306279412190592,mn_munchen_bayerische_staatsbibliothek_clm_14774,Vorderdeckel mit Buchrücken (0001),0,"https://api.digitale-sammlungen.de/iiif/image/v2/bsb00104019_00001/71,264,464,326/full/600,/0/default.jpg","https://api.digitale-sammlungen.de/iiif/image/v2/bsb00104019_00001/full/768,/0/default.jpg",494810,91,181,150,105,5.0,145
99,0.43063147620944586,arch_cod_339,Fore edge,371,"https://www.e-codices.unifr.ch/loris/bke/bke-0339/bke-0339_e004.jp2/1886,3595,1564,1153/full/600,/0/default.jpg","https://www.e-codices.unifr.ch/loris/bke/bke-0339/bke-0339_e004.jp2/full/768,/0/default.jpg",310593,348,604,145,107,0.0,145
100,0.43063694297846283,acq:68ef9516-68c1-45d9-a5a9-5b27c1cee9fd,755,754,"https://rmda.kulib.kyoto-u.ac.jp/iiif/3/RB00015064%2F15%EF%BC%8616%2FRB00015064_00755_0.ptif/2711,1144,2079,1535/full/600,/0/default.jpg","https://rmda.kulib.kyoto-u.ac.jp/iiif/3/RB00015064%2F15%EF%BC%8616%2FRB00015064_00755_0.ptif/full/768,/0/default.jpg",93448,372,173,145,107,0.0,145
